J_Nombre,Me_mes,Me_a√±o
davisjeffery439,Septiembre,2024
vpham549,Junio,2024
melissa11449,Noviembre,2023
arnoldmarcus315,Agosto,2023
andersonbrittany310,Noviembre,2023
matthew46318,Junio,2025
david95693,Septiembre,2023
hhall697,Julio,2023
sayala309,Abril,2024
erinwilliams988,Septiembre,2025
jennifermccarthy653,Octubre,2023
dixonjonathan563,Agosto,2025
danielstevens252,Diciembre,2023
williamsryan9,Marzo,2024
dfischer699,Septiembre,2023
morriskelly724,Octubre,2024
wjohnson342,Abril,2024
allisonmartinez154,Febrero,2023
jgalloway700,Julio,2023
robert91503,Agosto,2024
connieswanson72,Enero,2025
hudsonaaron381,Septiembre,2025
mgonzalez136,Agosto,2024
leslie92644,Febrero,2024
chrisjohnson758,Septiembre,2024
gambleadam216,Abril,2024
mallorythompson307,Octubre,2024
maddoxemily492,Marzo,2023
markwatson759,Octubre,2025
campbellcolleen638,Enero,2023
bowmanandrea874,Noviembre,2025
igray440,Marzo,2023
burnettdarrell826,Abril,2025
ggreene801,Octubre,2025
kellydonald214,Febrero,2025
christopher57471,Mayo,2024
edennis606,Abril,2024
jacobtaylor292,Febrero,2023
jeffreylong441,Octubre,2023
sbryant852,Mayo,2024
alanschultz455,Marzo,2025
elizabeth65867,Marzo,2025
becky96108,Febrero,2024
thamilton613,Enero,2024
kim35794,Septiembre,2024
william11815,Abril,2025
ogonzalez421,Noviembre,2023
douglas73487,Julio,2025
christinapeterson593,Diciembre,2023
allison53670,Julio,2025
gwillis481,Agosto,2024
russelllang837,Agosto,2023
michaelwalters510,Diciembre,2025
suttonpaul480,Noviembre,2023
catherine88447,Agosto,2024
vhall624,Junio,2023
hmartin822,Enero,2024
qmiller457,Marzo,2024
carolyn96222,Enero,2023
gamblelarry719,Agosto,2023
djones687,Diciembre,2024
jessicaanderson3,Marzo,2024
jasminevega839,Noviembre,2025
xkennedy68,Mayo,2023
matthewrodriguez973,Junio,2024
campbellkathleen244,Marzo,2024
ashley51732,Noviembre,2024
salinaslaura552,Septiembre,2024
tyoung422,Enero,2023
eford378,Octubre,2025
rebekah04332,Octubre,2024
sowens373,Abril,2023
johnparks831,Julio,2023
melissa65744,Junio,2024
davidward597,Abril,2023
ramirezchristine34,Enero,2024
mcknighttina633,Diciembre,2025
brewerdenise393,Enero,2023
hollowayteresa585,Abril,2023
lorithomas587,Mayo,2025
michelle52968,Septiembre,2024
markphelps208,Marzo,2024
livingstonalyssa99,Octubre,2023
halljames41,Enero,2025
alex86464,Febrero,2023
austinrhodes628,Julio,2025
brooke62163,Agosto,2024
leewilliam459,Octubre,2024
derek61140,Agosto,2023
maxwellrandy371,Mayo,2024
john02703,Septiembre,2025
edward4825,Mayo,2023
dianewilliams739,Marzo,2024
morganamanda757,Mayo,2025
tammy02843,Noviembre,2024
nicholeevans470,Septiembre,2023
thompsondeanna198,Julio,2023
daviddickerson635,Diciembre,2025
tylerwarner626,Marzo,2024
fernandezlaura211,Noviembre,2023
angela82379,Mayo,2024
richard45491,Julio,2023
michelle59610,Mayo,2024
john09557,Enero,2023
mario53352,Junio,2023
fisheramanda569,Agosto,2023
thomas16856,Junio,2023
ngilmore258,Enero,2023
goulderic284,Febrero,2023
nicholaswolf875,Julio,2025
scott33688,Agosto,2025
hunter30171,Enero,2025
palmerstephanie795,Diciembre,2024
george71468,Junio,2025
erinbanks796,Enero,2024
crystaltorres102,Noviembre,2023
larsentravis353,Mayo,2025
jamesmarshall903,Enero,2025
alecerickson820,Mayo,2023
wellsrobert434,Diciembre,2025
mannaaron598,Mayo,2025
marvin26986,Julio,2023
kevingonzalez612,Abril,2023
walter78924,Septiembre,2025
sean89243,Febrero,2023
tommykelly246,Agosto,2025
alexbender692,Diciembre,2023
hortonjoshua708,Diciembre,2024
brian2336,Marzo,2023
tgonzales276,Julio,2023
coleandrea149,Noviembre,2023
ashley09954,Octubre,2023
smithaaron519,Junio,2023
taylorjustin294,Noviembre,2025
xmorris809,Marzo,2025
tyler10181,Enero,2024
gstevenson833,Abril,2024
jandrews764,Enero,2024
victoriaward337,Junio,2023
webbcaitlin862,Septiembre,2025
johnsonryan619,Agosto,2023
ytaylor65,Diciembre,2025
meghanross880,Diciembre,2024
tnelson423,Febrero,2024
davidfleming507,Enero,2023
pollardkelly392,Octubre,2024
sarah61750,Octubre,2023
murphydaniel659,Septiembre,2025
williamsjulia830,Octubre,2023
websterjessica24,Junio,2024
michaelmarshall944,Septiembre,2025
curtiskevin377,Diciembre,2023
gdavid951,Abril,2025
john44939,Junio,2024
fbrown994,Abril,2024
higginseric437,Mayo,2023
henrymelissa143,Abril,2023
robert54574,Octubre,2024
laurenpugh731,Mayo,2024
pamcoleman125,Noviembre,2023
jillbishop344,Junio,2023
brockjohn891,Octubre,2024
harriscarrie47,Septiembre,2024
tavery983,Julio,2024
sandra14684,Octubre,2024
sonyarobinson710,Septiembre,2024
robinsonmark669,Octubre,2023
alexa33927,Diciembre,2024
mcclurejimmy495,Enero,2025
mortontimothy259,Diciembre,2024
cody80727,Septiembre,2025
mcgeedenise767,Julio,2025
esosa104,Marzo,2023
wstewart789,Febrero,2023
qandrews525,Enero,2024
ndavis579,Marzo,2024
ashley0651,Febrero,2025
austin58993,Enero,2023
brian8464,Agosto,2025
coxbradley79,Octubre,2025
huffmanmichael741,Noviembre,2023
kennethluna475,Agosto,2025
russellrosales996,Enero,2024
imccall430,Mayo,2024
tsullivan620,Mayo,2025
xnavarro800,Febrero,2023
ericcochran37,Mayo,2024
annette79477,Mayo,2023
williamskelly913,Enero,2023
romangina761,Julio,2023
sheila17261,Noviembre,2023
pettyjames981,Febrero,2023
keith15368,Abril,2025
belldonald86,Octubre,2023
brownjeremiah821,Febrero,2023
murphymitchell952,Mayo,2023
kristenriley311,Agosto,2023
aaron03594,Octubre,2024
brooksvirginia883,Mayo,2025
anthonynewman617,Julio,2025
greenethomas647,Abril,2023
xrich354,Marzo,2023
sarawalters428,Enero,2024
ineal296,Octubre,2023
rhonda48961,Diciembre,2025
wharvey260,Mayo,2023
vaughnbenjamin321,Diciembre,2023
bankstony482,Octubre,2025
vking938,Mayo,2024
bobby6628,Agosto,2023
ymurray297,Enero,2025
jasongriffith657,Diciembre,2023
vasquezjustin388,Febrero,2024
lawsonrobert925,Noviembre,2025
emily19176,Noviembre,2023
williamschristine454,Agosto,2024
thomashess908,Febrero,2024
bpadilla636,Febrero,2024
lmontes396,Octubre,2023
janethansen334,Agosto,2024
charles29953,Octubre,2023
qbridges502,Diciembre,2024
emata680,Abril,2023
bethanysmith808,Diciembre,2024
msmith251,Febrero,2024
riveramichelle512,Septiembre,2023
hfernandez730,Agosto,2025
stephen17137,Marzo,2024
hortoncody374,Julio,2025
christina57232,Enero,2024
jaime63919,Septiembre,2025
thomasmelissa955,Febrero,2024
kennedymary295,Diciembre,2024
mmiller127,Mayo,2023
erikamooney370,Octubre,2024
morgan17682,Abril,2025
tamara61678,Abril,2023
awillis596,Septiembre,2024
qmorgan987,Abril,2024
sarah75270,Marzo,2025
jonathan50511,Mayo,2023
curtisjohn484,Octubre,2024
ghardy915,Enero,2025
ptucker562,Abril,2023
shane26382,Mayo,2023
christiegarcia501,Febrero,2023
zachary47849,Diciembre,2023
blakejohnson709,Octubre,2024
kenneth17760,Marzo,2024
lsanders5,Mayo,2025
lbooker685,Junio,2024
dixonmichael793,Junio,2025
pettychristopher224,Marzo,2023
andradedonald853,Agosto,2025
lesliegallagher595,Julio,2024
nnelson737,Septiembre,2025
jonesjohn559,Diciembre,2025
angela31876,Julio,2023
david10219,Mayo,2024
nmartinez498,Marzo,2025
ynelson957,Mayo,2023
aaronfowler526,Octubre,2025
natalie20187,Enero,2023
jane40706,Marzo,2023
gkrause59,Julio,2025
dorseymichael949,Abril,2024
brownstephanie438,Diciembre,2023
arnoldlauren601,Diciembre,2024
michelleskinner488,Julio,2025
faguilar890,Noviembre,2024
gsummers66,Febrero,2023
matthewgriffin921,Marzo,2025
darrendaniels980,Agosto,2023
mitchelljoann648,Febrero,2024
herringbriana936,Mayo,2025
caroljensen516,Diciembre,2023
jessicaburton92,Febrero,2024
kiara11316,Agosto,2023
htapia50,Julio,2025
wharris643,Septiembre,2024
turnererica450,Diciembre,2023
steven25894,Enero,2025
martinezjoseph426,Febrero,2023
inolan93,Febrero,2025
cchavez910,Octubre,2025
marshallricky313,Agosto,2023
danielle50799,Mayo,2025
johnsonchristopher289,Julio,2025
john80264,Noviembre,2024
jacquelinerichards247,Marzo,2024
ericaibarra923,Marzo,2023
justin25748,Junio,2024
zachary93317,Noviembre,2025
alexandrasmith909,Octubre,2025
calebcraig892,Agosto,2025
tony91324,Abril,2023
hlynn591,Octubre,2023
cranebenjamin386,Enero,2023
pruiz553,Mayo,2024
amy85327,Marzo,2025
zchambers717,Septiembre,2024
dwatkins911,Junio,2024
oward671,Octubre,2025
leemichael336,Agosto,2025
tinasmith385,Noviembre,2024
xmarshall616,Enero,2024
raymond97338,Octubre,2024
timothy97565,Agosto,2023
timothyjones304,Marzo,2024
danieljacobson300,Marzo,2024
nicolegreen202,Junio,2023
langbarbara568,Septiembre,2025
andre80358,Enero,2025
tonya49144,Diciembre,2025
nancy87567,Junio,2024
jessica40840,Marzo,2025
catherine74962,Febrero,2025
joshuaallen711,Abril,2023
ramseydrew888,Mayo,2023
wileykimberly255,Septiembre,2025
natalie90126,Noviembre,2024
cruzjason521,Junio,2024
tsanchez942,Noviembre,2024
steven6422,Mayo,2024
wdavis397,Agosto,2025
rfranklin776,Septiembre,2023
brettrios937,Noviembre,2024
stewartrichard220,Febrero,2024
brittany18517,Enero,2023
etorres158,Enero,2024
fboyer411,Febrero,2023
oliverrachael70,Octubre,2025
aodonnell723,Enero,2025
rbuchanan376,Abril,2025
charleswashington735,Mayo,2024
taylorluke641,Diciembre,2024
joycewillis350,Abril,2023
hvalencia114,Octubre,2024
austinbonnie884,Julio,2024
gwebb88,Agosto,2023
victoriaadams42,Julio,2023
helliott90,Marzo,2025
amanda87984,Noviembre,2023
austinjoseph930,Julio,2024
ericcrawford551,Junio,2025
aliciahines308,Mayo,2024
williamchoi964,Mayo,2025
anita41231,Enero,2023
jeffreygould850,Septiembre,2023
griffinjacob210,Marzo,2025
walkermark522,Noviembre,2024
reidmike661,Abril,2023
thoover20,Marzo,2023
phillipsbenjamin241,Diciembre,2023
geraldwells226,Mayo,2023
smurillo999,Noviembre,2025
crystal32345,Diciembre,2024
npollard256,Enero,2024
lisapatel625,Febrero,2025
michelle39267,Febrero,2025
richard37499,Octubre,2025
oramirez2,Febrero,2024
martinkristy275,Julio,2024
rachelberry621,Septiembre,2024
kpacheco290,Enero,2025
nrodriguez339,Noviembre,2023
cduarte103,Enero,2023
tracy81819,Diciembre,2025
denise18469,Diciembre,2023
audrey35367,Enero,2024
davisrobert560,Junio,2025
matthew48810,Enero,2023
daryl39182,Abril,2025
brianmartinez928,Enero,2023
ramoslori566,Enero,2025
toni95329,Marzo,2024
zlarson655,Agosto,2024
jennifer01432,Diciembre,2025
emily67291,Febrero,2023
wanda34237,Julio,2024
lhall905,Junio,2025
jeffrey87966,Octubre,2025
daniel99193,Junio,2025
smiles807,Febrero,2025
davidcollier43,Octubre,2024
stephen96173,Mayo,2023
kimberly99664,Mayo,2024
valdezraymond508,Mayo,2025
fgordon340,Abril,2025
amanda9091,Septiembre,2024
rogersstephanie73,Abril,2025
tanya95792,Abril,2024
michaelhouston138,Junio,2025
xdean359,Abril,2025
nconley652,Mayo,2023
davisamanda554,Marzo,2023
nicholasjones32,Agosto,2024
plewis349,Diciembre,2025
fharmon281,Julio,2025
zeaton400,Agosto,2023
joshua12592,Septiembre,2024
tbrady779,Diciembre,2025
stacey41632,Abril,2025
ubennett931,Septiembre,2023
holmespaul906,Junio,2023
johnsonwilliam81,Julio,2025
garciacraig172,Agosto,2025
olsonerika940,Octubre,2024
patrickjimenez493,Diciembre,2024
jeffrey34322,Octubre,2023
kolsen771,Octubre,2024
theresasantos782,Enero,2023
jimmypatterson667,Febrero,2023
thomasderek845,Diciembre,2024
lsmith615,Noviembre,2025
brandonsmith904,Marzo,2023
lynnmandy494,Febrero,2025
dmorales583,Agosto,2025
schroedermegan934,Agosto,2023
justinjones977,Junio,2023
kennethnewman882,Noviembre,2024
jeff40589,Junio,2024
dhill707,Abril,2023
cindygreen87,Octubre,2025
annjones704,Octubre,2023
wcabrera520,Mayo,2025
whitneysean770,Diciembre,2025
juliabeltran946,Agosto,2024
peter58857,Julio,2023
destrada798,Abril,2023
katrinaadams11,Octubre,2025
bjimenez433,Marzo,2024
jonesglenda718,Mayo,2023
dana68696,Marzo,2024
urodriguez556,Noviembre,2023
ashleyclayton229,Septiembre,2024
meganacosta351,Febrero,2024
vbentley254,Mayo,2024
walkercorey868,Octubre,2023
cristina55207,Abril,2024
alucas844,Marzo,2024
odomrachel201,Mayo,2024
harrisrebecca404,Julio,2025
rachelbowen445,Septiembre,2023
ramirezjames683,Junio,2025
salazarangie752,Octubre,2024
vkline740,Septiembre,2024
wilsonmichael504,Septiembre,2024
mreilly435,Octubre,2025
michael03245,Noviembre,2023
shannonnavarro263,Febrero,2023
michelle74695,Enero,2025
vjensen16,Enero,2024
virginia7655,Septiembre,2023
qcalderon369,Enero,2024
bartonjustin190,Enero,2023
rebecca88842,Enero,2024
thomaswalters584,Julio,2025
victoria05960,Octubre,2024
burnetteric18,Enero,2024
xbaker234,Mayo,2025
nathancannon286,Marzo,2024
ftucker975,Febrero,2023
scott22691,Septiembre,2025
kenneth93486,Septiembre,2024
morganmichael788,Agosto,2023
moralesvanessa714,Junio,2024
dunnmatthew189,Diciembre,2025
cooperdavid920,Abril,2024
lisahurst871,Julio,2023
cnorman783,Junio,2025
susan90196,Octubre,2024
zbonilla364,Marzo,2025
jacobpeterson121,Diciembre,2025
kevinrodgers217,Octubre,2023
xflores141,Septiembre,2023
deannapatterson473,Mayo,2024
amber46225,Enero,2023
ugalvan605,Octubre,2025
pjuarez858,Octubre,2023
thomaswhite166,Septiembre,2023
judith17720,Noviembre,2023
knoxantonio319,Enero,2023
leonmelanie429,Diciembre,2024
freemankathleen965,Octubre,2023
jasonrosario926,Enero,2025
ywall573,Abril,2023
phayes356,Julio,2023
stewartjose112,Septiembre,2024
igilbert236,Diciembre,2023
dorseyrussell257,Junio,2024
michaellawrence675,Junio,2024
qmoon637,Septiembre,2023
uvincent320,Julio,2025
dsantos745,Julio,2023
peter36384,Diciembre,2024
palmerfrank197,Octubre,2023
mercadojennifer828,Junio,2025
xanderson733,Octubre,2025
arthurgarcia865,Diciembre,2025
