Po_nombre,nombre,descripcion,nivel_aprendido,rango_de_ataque
Pokemon_Sharon_439,Mov_0_day,Positive understand little itself letter.,3,Medio
Pokemon_Jennifer_802,Mov_1_three,Father describe protect face approach information real new.,10,Corto
Pokemon_Jeanette_135,Mov_2_music,Decision seat general beyond.,7,Medio
Pokemon_Billy_163,Mov_3_six,Pattern despite run hour.,8,Corto
Pokemon_Taylor_721,Mov_4_responsibility,Practice eat live value for.,15,Largo
Pokemon_Darlene_388,Mov_5_too,Now while camera subject challenge idea job.,9,Medio
Pokemon_Aaron_90,Mov_6_society,Win area moment myself particular.,4,Corto
Pokemon_Alexis_332,Mov_7_evening,Another tend character country.,5,Medio
Pokemon_Daniel_170,Mov_8_task,Effort necessary attorney from.,6,Medio
Pokemon_Joseph_396,Mov_9_against,Deep rest factor hair PM prepare.,15,Medio
Pokemon_Annette_807,Mov_10_person,Pick approach prevent.,10,Corto
Pokemon_Benjamin_340,Mov_11_when,Door treatment company know town behavior.,15,Largo
Pokemon_Michael_611,Mov_12_eye,Oil week politics local.,15,Medio
Pokemon_Lauren_126,Mov_13_send,Help economic recent total million might scientist.,5,Largo
Pokemon_Nancy_760,Mov_14_form,Group thing begin.,5,Corto
Pokemon_Nicole_35,Mov_15_each,Eye off meeting more step three six.,8,Medio
Pokemon_Jill_645,Mov_16_bad,Political law marriage point movie.,4,Corto
Pokemon_Courtney_626,Mov_17_decision,Rather lead own.,8,Medio
Pokemon_Tara_268,Mov_18_help,Strong to leg game fish example loss chair.,2,Largo
Pokemon_Ashley_577,Mov_19_unit,Time beyond surface anything necessary.,8,Corto
Pokemon_Randy_809,Mov_20_human,There nearly quite.,7,Largo
Pokemon_Jamie_178,Mov_21_middle,Attack table represent scene.,11,Corto
Pokemon_Timothy_71,Mov_22_fear,Product east anyone one give day.,13,Largo
Pokemon_Evelyn_302,Mov_23_thus,Gun agreement treatment yeah dream.,14,Largo
Pokemon_Ashley_577,Mov_24_during,Education itself of hope teach high year.,11,Corto
Pokemon_Dawn_326,Mov_25_too,Pattern imagine program speak today culture happen.,15,Medio
Pokemon_Donald_394,Mov_26_morning,If question single teach tend agree camera.,8,Medio
Pokemon_Kurt_794,Mov_27_sign,Local account image determine put school.,15,Corto
Pokemon_Stephen_604,Mov_28_consumer,Collection society ever score control film.,14,Largo
Pokemon_Sarah_561,Mov_29_sister,Dog want finish.,7,Largo
Pokemon_Lori_871,Mov_30_have,Consumer whom prepare attack become.,5,Medio
Pokemon_Emily_412,Mov_31_by,Strong appear these indeed second school road network.,2,Medio
Pokemon_Patricia_701,Mov_32_early,White likely assume ok.,4,Medio
Pokemon_Miguel_443,Mov_33_media,Toward cost those.,15,Medio
Pokemon_Hunter_155,Mov_34_third,Town three significant argue assume.,11,Largo
Pokemon_Peter_325,Mov_35_small,They sure note expect operation.,7,Medio
Pokemon_Jerry_85,Mov_36_player,Nearly theory since respond and quickly trade.,1,Corto
Pokemon_Natalie_103,Mov_37_idea,Think analysis decision real.,11,Corto
Pokemon_Amanda_824,Mov_38_experience,Range city gun lot involve science owner.,13,Largo
Pokemon_Robert_580,Mov_39_perhaps,Miss by evening force almost.,12,Largo
Pokemon_Heather_112,Mov_40_wear,Assume may after church.,5,Medio
Pokemon_Kevin_926,Mov_41_PM,Three right summer sometimes.,15,Largo
Pokemon_Brandi_642,Mov_42_thus,Citizen adult their study.,4,Corto
Pokemon_Matthew_377,Mov_43_big,Management brother around parent visit list something.,14,Largo
Pokemon_Bethany_409,Mov_44_college,Action hard law.,15,Corto
Pokemon_Chelsea_984,Mov_45_despite,Laugh course many condition stand choice my.,13,Medio
Pokemon_Stanley_793,Mov_46_score,Letter product over check face.,14,Medio
Pokemon_Robert_524,Mov_47_another,Bag movie eye face local lose executive care.,5,Corto
Pokemon_Jennifer_789,Mov_48_drop,Grow such nothing protect record.,10,Medio
Pokemon_Robert_884,Mov_49_risk,Present high visit old away.,2,Medio
Pokemon_Julie_27,Mov_50_offer,Discover foot down company turn system.,2,Largo
Pokemon_Jessica_781,Mov_51_Republican,Claim must tax my.,10,Corto
Pokemon_Joshua_675,Mov_52_per,Player father start friend whatever.,8,Medio
Pokemon_Melanie_957,Mov_53_watch,Civil pretty population so.,4,Medio
Pokemon_Travis_361,Mov_54_value,Interesting education real.,12,Corto
Pokemon_Annette_209,Mov_55_force,Adult effect mother area.,13,Largo
Pokemon_Annette_209,Mov_56_add,Season officer performance bit local.,13,Medio
Pokemon_Felicia_618,Mov_57_difficult,Within rather high issue treat.,7,Corto
Pokemon_William_487,Mov_58_doctor,Media necessary whom our.,6,Largo
Pokemon_Tara_268,Mov_59_sport,Kitchen event across skill.,8,Largo
Pokemon_Emily_392,Mov_60_with,Collection article even teacher partner best moment kid.,11,Corto
Pokemon_Monica_834,Mov_61_worker,Democratic consider edge else.,12,Corto
Pokemon_Audrey_131,Mov_62_entire,Generation exactly arrive particular loss likely receive.,1,Corto
Pokemon_Victoria_630,Mov_63_hour,Station own capital join area fund night.,13,Largo
Pokemon_Alexander_169,Mov_64_effect,Against most know certain for action bar.,5,Largo
Pokemon_Marco_655,Mov_65_economic,Spring appear foot budget.,9,Medio
Pokemon_Lisa_636,Mov_66_finally,Thousand anyone cup true through attack instead.,2,Largo
Pokemon_Eric_331,Mov_67_usually,Role say compare wonder.,5,Medio
Pokemon_Joy_944,Mov_68_explain,Simple still organization identify street.,12,Medio
Pokemon_Frank_195,Mov_69_high,Big among note general me.,5,Corto
Pokemon_Brian_220,Mov_70_difficult,Movement from yourself music machine statement.,5,Corto
Pokemon_Dominique_688,Mov_71_watch,Whole hope opportunity tell.,8,Corto
Pokemon_Xavier_945,Mov_72_me,Writer evening already home make several because.,15,Largo
Pokemon_Elizabeth_249,Mov_73_mean,Test check science.,13,Corto
Pokemon_Tiffany_26,Mov_74_over,Certain buy memory always.,12,Medio
Pokemon_Eric_517,Mov_75_peace,Carry become subject money know into clear.,14,Largo
Pokemon_Joseph_320,Mov_76_your,Whether team sort half road several.,1,Corto
Pokemon_Robin_489,Mov_77_this,Road determine shoulder film easy.,6,Medio
Pokemon_Carol_438,Mov_78_step,Feeling line risk science.,9,Corto
Pokemon_Tony_683,Mov_79_research,Free measure activity process source determine.,12,Corto
Pokemon_Audrey_131,Mov_80_price,Increase turn page religious should catch.,14,Corto
Pokemon_Erika_69,Mov_81_feeling,Action event commercial operation safe.,6,Medio
Pokemon_Kathleen_862,Mov_82_television,Base discover career quite offer society.,5,Largo
Pokemon_Kevin_161,Mov_83_last,Music area policy personal wall.,9,Medio
Pokemon_Michael_595,Mov_84_hour,His past animal blood lead game meet.,8,Medio
Pokemon_Carolyn_783,Mov_85_that,Process off together measure actually.,1,Medio
Pokemon_Alan_831,Mov_86_wind,Create natural respond dog throughout painting clear.,3,Corto
Pokemon_Alan_970,Mov_87_year,Save a but tough including time.,12,Medio
Pokemon_Stephanie_411,Mov_88_call,Notice manager seven evidence six health let practice.,2,Largo
Pokemon_Roger_875,Mov_89_type,Write raise true eight size carry design.,1,Medio
Pokemon_Tammy_25,Mov_90_hope,Single sense life fire treat continue eye.,4,Medio
Pokemon_Amy_985,Mov_91_defense,Term which Congress almost ability.,9,Largo
Pokemon_Anna_250,Mov_92_say,Week discover they expert charge hand.,4,Largo
Pokemon_James_21,Mov_93_drive,Simply Mr offer leader.,7,Corto
Pokemon_David_496,Mov_94_term,Street information course relate decade interest onto.,3,Corto
Pokemon_Mark_555,Mov_95_side,Test strategy often attack treat.,10,Largo
Pokemon_Sherry_647,Mov_96_phone,Cost risk one agent let.,8,Medio
Pokemon_William_982,Mov_97_work,Author structure team find.,4,Medio
Pokemon_Michael_726,Mov_98_focus,Chance voice candidate why.,9,Largo
Pokemon_Patrick_516,Mov_99_population,Black could project growth cold appear now.,5,Largo
Pokemon_Mark_708,Mov_100_focus,Safe fear out chair.,1,Largo
Pokemon_Joseph_320,Mov_101_carry,Affect others huge present movie image skill.,5,Medio
Pokemon_Alex_355,Mov_102_population,Here bed husband big.,10,Corto
Pokemon_James_632,Mov_103_reflect,Office notice middle their into why.,13,Medio
Pokemon_Jose_897,Mov_104_its,Reason summer read weight.,1,Medio
Pokemon_Roger_979,Mov_105_word,Choose purpose way wonder.,5,Medio
Pokemon_Jessica_267,Mov_106_you,Chair human art institution ground provide position.,11,Corto
Pokemon_Jesse_43,Mov_107_yeah,Improve change network sort story.,3,Largo
Pokemon_Ricky_558,Mov_108_forward,Policy home business rest market.,5,Corto
Pokemon_Melissa_992,Mov_109_of,Wife health magazine born analysis.,7,Medio
Pokemon_Robert_76,Mov_110_pattern,Total week everyone allow give new.,1,Corto
Pokemon_Connie_149,Mov_111_treat,Adult call lot name responsibility.,8,Medio
Pokemon_Christopher_825,Mov_112_rich,Suggest name newspaper social morning action brother.,2,Medio
Pokemon_Mark_555,Mov_113_rest,Resource data will expert hotel mention.,12,Medio
Pokemon_Brandon_833,Mov_114_society,Little crime evidence represent red probably stuff.,4,Largo
Pokemon_Donna_375,Mov_115_pattern,Smile between wall north.,8,Corto
Pokemon_Alexander_745,Mov_116_involve,Of pass natural camera mean team adult.,15,Corto
Pokemon_Allison_185,Mov_117_draw,Political official example here well commercial.,5,Corto
Pokemon_Gloria_859,Mov_118_rule,Force edge enough give.,13,Medio
Pokemon_April_109,Mov_119_matter,Suffer movement under adult friend.,8,Medio
Pokemon_Elizabeth_249,Mov_120_laugh,Painting base road.,1,Medio
Pokemon_James_719,Mov_121_call,Heavy guess house go.,2,Medio
Pokemon_Jack_451,Mov_122_artist,A clear drug clear market.,14,Corto
Pokemon_Billy_163,Mov_123_while,Hot Congress him skill myself gas ask indicate.,14,Largo
Pokemon_Monica_633,Mov_124_mother,We suggest agency sea woman conference.,13,Largo
Pokemon_Robert_801,Mov_125_future,Floor truth half level idea available.,5,Medio
Pokemon_Derek_651,Mov_126_represent,Born present direction house put still.,11,Corto
Pokemon_Cody_96,Mov_127_professor,Away admit thing place affect pass.,6,Largo
Pokemon_Kimberly_194,Mov_128_unit,Manage reach audience reach.,15,Corto
Pokemon_Michael_665,Mov_129_place,Think camera law movement though how left.,9,Largo
Pokemon_Judy_464,Mov_130_school,Because likely hour hit time.,5,Largo
Pokemon_Grant_214,Mov_131_practice,Campaign capital radio still foot week within task.,10,Medio
Pokemon_Tiffany_358,Mov_132_friend,Accept recently water head question inside front.,8,Largo
Pokemon_Derek_119,Mov_133_peace,Marriage wall responsibility else eat.,4,Corto
Pokemon_Gabriela_436,Mov_134_my,Reduce single bill those owner might relationship.,1,Largo
Pokemon_Jessica_267,Mov_135_large,Scene a race decade against together.,1,Medio
Pokemon_Andrew_865,Mov_136_natural,Certain memory good adult bed because.,13,Corto
Pokemon_James_538,Mov_137_bed,Follow compare sign hot nation all result.,5,Largo
Pokemon_Matthew_422,Mov_138_drive,Factor star four table recently.,15,Medio
Pokemon_Shannon_354,Mov_139_blue,Seem eat over scene main.,11,Medio
Pokemon_Benjamin_340,Mov_140_policy,Traditional body save various author senior relate.,11,Largo
Pokemon_Jay_217,Mov_141_worker,Back ago chair see white pull down.,8,Largo
Pokemon_Lindsay_42,Mov_142_already,Western manager policy easy author.,8,Corto
Pokemon_Philip_323,Mov_143_assume,Drive front race buy tonight way.,1,Medio
Pokemon_William_97,Mov_144_training,Rock focus benefit these adult television seem agency.,8,Medio
Pokemon_James_719,Mov_145_sometimes,Side sort money example.,4,Largo
Pokemon_Christopher_761,Mov_146_before,Experience keep at family.,6,Medio
Pokemon_John_912,Mov_147_eat,Local manage oil yard station set health medical.,4,Corto
Pokemon_Mitchell_247,Mov_148_cell,How national beautiful throw girl discussion.,1,Medio
Pokemon_Ricky_558,Mov_149_business,Want audience plant play edge.,6,Medio
Pokemon_Michael_690,Mov_150_suddenly,Quality two save.,15,Medio
Pokemon_James_632,Mov_151_pick,Owner significant through thing.,6,Medio
Pokemon_Jose_503,Mov_152_goal,Letter trouble family security office find.,3,Largo
Pokemon_Randy_809,Mov_153_design,Contain course free ready us vote.,6,Largo
Pokemon_Robert_971,Mov_154_lay,Husband away because bring wall face manage.,3,Medio
Pokemon_Maria_960,Mov_155_local,Itself suffer wall sure.,4,Largo
Pokemon_Christopher_950,Mov_156_picture,Western condition itself thing hard.,9,Corto
Pokemon_Melissa_992,Mov_157_up,Really service cell public behavior suffer.,12,Largo
Pokemon_Jamie_872,Mov_158_when,Bag take agency development theory service bank.,14,Largo
Pokemon_Connie_281,Mov_159_threat,Week you yard impact region PM girl space.,8,Medio
Pokemon_Larry_877,Mov_160_health,Man run vote film direction scientist yard.,15,Corto
Pokemon_Zachary_274,Mov_161_audience,Want wish present once unit memory expert.,3,Medio
Pokemon_Jennifer_802,Mov_162_where,Week share officer tough accept.,7,Corto
Pokemon_Amy_962,Mov_163_notice,Rule develop show direction old result.,6,Medio
Pokemon_Amber_740,Mov_164_travel,Agent develop maintain hundred PM choose reason.,4,Largo
Pokemon_James_424,Mov_165_our,Mean worker bar available professional experience condition.,12,Largo
Pokemon_Angel_546,Mov_166_myself,Student maintain must.,2,Corto
Pokemon_Elizabeth_470,Mov_167_common,Light feel high wonder office.,8,Corto
Pokemon_Emily_392,Mov_168_artist,Husband son model early along able.,6,Largo
Pokemon_Matthew_635,Mov_169_fight,And account tree line positive finally.,11,Medio
Pokemon_Christopher_324,Mov_170_this,Picture medical court particular.,3,Largo
Pokemon_Autumn_607,Mov_171_teach,Remain you window.,9,Medio
Pokemon_Bobby_573,Mov_172_glass,Attorney religious tonight region play several.,10,Medio
Pokemon_Lauren_126,Mov_173_dream,Building blood open prove increase rock clearly.,15,Corto
Pokemon_Bryan_693,Mov_174_media,Security short ok west.,9,Medio
Pokemon_Curtis_499,Mov_175_case,Of world once field main.,5,Medio
Pokemon_Jose_897,Mov_176_area,Music lead later paper.,7,Corto
Pokemon_Larry_877,Mov_177_start,Hair voice thought great.,6,Corto
Pokemon_Ashley_577,Mov_178_though,In prevent agent store.,3,Corto
Pokemon_Stacy_381,Mov_179_later,Show election last evening law agree.,15,Largo
Pokemon_Emily_125,Mov_180_firm,Treatment bag focus poor nothing.,4,Medio
Pokemon_Stacy_381,Mov_181_where,Return direction race actually city money state.,6,Largo
Pokemon_Allen_291,Mov_182_bar,Participant onto throw.,11,Corto
Pokemon_Carmen_948,Mov_183_professor,Why scientist pattern pick.,14,Medio
Pokemon_Sharon_439,Mov_184_meet,Build western spend require matter job ask.,8,Medio
Pokemon_Christopher_841,Mov_185_again,But daughter represent feeling determine forward operation.,6,Corto
Pokemon_Justin_851,Mov_186_model,Argue heavy decide.,10,Medio
Pokemon_William_678,Mov_187_red,Value tough create say you loss.,11,Medio
Pokemon_Jenna_691,Mov_188_role,Discussion raise cold word.,10,Medio
Pokemon_Amanda_310,Mov_189_worry,Wife return rate matter institution policy.,11,Largo
Pokemon_Laura_827,Mov_190_peace,Stage letter particularly behavior party.,10,Largo
Pokemon_Chelsea_75,Mov_191_discussion,Week professor instead budget meeting almost.,5,Corto
Pokemon_Luis_365,Mov_192_administration,State grow manage necessary agree they spend.,15,Corto
Pokemon_Jeremy_641,Mov_193_life,At course surface human Democrat many.,9,Corto
Pokemon_David_242,Mov_194_author,Nothing wonder none attack because.,6,Largo
Pokemon_Victoria_630,Mov_195_ahead,Best project easy station wind nature group someone.,10,Medio
Pokemon_Robert_971,Mov_196_team,North available old protect.,14,Corto
Pokemon_Nicole_639,Mov_197_drug,His describe nothing happen worker.,3,Largo
Pokemon_Mary_787,Mov_198_indicate,Theory car individual member already while far.,6,Medio
Pokemon_Steven_115,Mov_199_here,Condition general six.,8,Corto
Pokemon_Victoria_630,Mov_200_sell,Bar however wall none explain including.,1,Medio
Pokemon_Michael_13,Mov_201_have,Receive nature trade voice find.,10,Largo
Pokemon_Kevin_926,Mov_202_chance,Stop religious step particular century name.,6,Medio
Pokemon_Laura_492,Mov_203_business,Hot ready growth father east.,14,Medio
Pokemon_Daniel_170,Mov_204_half,War attention watch eat social education old employee.,2,Medio
Pokemon_Nicole_364,Mov_205_skill,Of billion speech weight billion scientist prevent win.,9,Medio
Pokemon_Kenneth_3,Mov_206_high,Good pass top language image company.,13,Corto
Pokemon_Renee_502,Mov_207_down,Figure image direction feel late various only.,1,Corto
Pokemon_Vincent_995,Mov_208_dinner,Speech success because interesting positive force matter carry.,1,Corto
Pokemon_James_118,Mov_209_thus,Speech station per industry far realize final.,7,Corto
Pokemon_Brandi_642,Mov_210_member,See prepare number.,15,Largo
Pokemon_Paul_269,Mov_211_western,Direction pull itself election talk group class.,7,Medio
Pokemon_Evan_7,Mov_212_enjoy,Yes sea generation wait beat since election.,9,Corto
Pokemon_Anita_290,Mov_213_what,Likely view itself listen lot note begin.,2,Corto
Pokemon_Anna_250,Mov_214_like,Without you medical mission who fast other.,4,Largo
Pokemon_David_572,Mov_215_tough,Society senior bed book.,10,Largo
Pokemon_Emily_412,Mov_216_relate,Him market career theory describe.,9,Corto
Pokemon_Peggy_723,Mov_217_human,Dog day find employee anything.,11,Medio
Pokemon_Brittany_706,Mov_218_toward,Left film natural pressure.,1,Corto
Pokemon_Robert_884,Mov_219_necessary,Mission area anyone make since design.,4,Largo
Pokemon_Anna_10,Mov_220_game,Live church real financial require.,13,Corto
Pokemon_Leah_880,Mov_221_brother,Participant team practice help move window.,4,Medio
Pokemon_Steven_650,Mov_222_medical,Where science arm.,2,Largo
Pokemon_Lindsay_42,Mov_223_others,Most travel four music return require.,13,Medio
Pokemon_Kelsey_67,Mov_224_skill,Bank herself particularly only.,13,Corto
Pokemon_Ethan_333,Mov_225_star,Best government situation choice study media.,7,Medio
Pokemon_Grant_11,Mov_226_service,Interest land without population.,12,Corto
Pokemon_Amber_58,Mov_227_wait,Large dinner same any yeah sea.,11,Largo
Pokemon_Amanda_123,Mov_228_fly,Cause wonder machine think recognize occur everybody.,1,Medio
Pokemon_Manuel_705,Mov_229_whether,If call will indeed.,2,Corto
Pokemon_Dawn_497,Mov_230_open,Tonight the pressure debate on.,14,Largo
Pokemon_Samantha_147,Mov_231_hold,Mission it shake strategy tonight might play.,12,Largo
Pokemon_Dawn_497,Mov_232_whom,Name real suggest try.,7,Largo
Pokemon_William_487,Mov_233_talk,Left language agreement partner sure trip.,7,Medio
Pokemon_Willie_171,Mov_234_message,Write nation sign cup.,10,Corto
Pokemon_Nicole_364,Mov_235_economic,Listen peace appear list could follow whether.,11,Largo
Pokemon_Beth_814,Mov_236_whether,Main how place former student.,11,Medio
Pokemon_Christopher_761,Mov_237_general,We draw adult employee process officer.,14,Largo
Pokemon_Frank_195,Mov_238_stay,It better music follow well skin kid.,14,Medio
Pokemon_Justin_851,Mov_239_leg,Card everybody per middle trial product.,1,Medio
Pokemon_Diamond_863,Mov_240_give,Majority read deal within.,11,Medio
Pokemon_Anthony_145,Mov_241_list,Soon under trip bag.,10,Medio
Pokemon_Jason_300,Mov_242_enjoy,Interview prove part idea future particular even.,10,Medio
Pokemon_Jack_451,Mov_243_physical,Help source fly daughter place marriage.,4,Largo
Pokemon_Ashley_768,Mov_244_lead,Read or card spring difference town office.,5,Medio
Pokemon_Selena_799,Mov_245_provide,Morning month recent poor peace radio want.,12,Medio
Pokemon_Jill_37,Mov_246_heavy,Her late morning fire respond end within off.,3,Medio
Pokemon_Robert_101,Mov_247_clear,Feeling event point challenge woman rock ahead.,4,Corto
Pokemon_Lawrence_206,Mov_248_decision,Camera event meeting none true then sell.,3,Largo
Pokemon_John_226,Mov_249_trial,Collection someone smile low.,13,Medio
Pokemon_Martin_663,Mov_250_would,Measure risk already many everything.,3,Corto
Pokemon_Carmen_948,Mov_251_theory,Whatever significant picture gun southern.,2,Medio
Pokemon_Adam_819,Mov_252_question,Those majority piece smile thank so Republican on.,8,Corto
Pokemon_Emily_392,Mov_253_military,Interesting smile floor key.,3,Medio
Pokemon_Tiffany_181,Mov_254_civil,Imagine program yeah cut.,9,Medio
Pokemon_Sharon_400,Mov_255_clear,Pattern show worry career.,3,Largo
Pokemon_Robert_455,Mov_256_set,Oil character picture smile.,6,Medio
Pokemon_Alexis_332,Mov_257_however,Purpose example direction seem place.,8,Largo
Pokemon_Anna_703,Mov_258_performance,Material say national collection.,12,Largo
Pokemon_David_572,Mov_259_shoulder,Subject source name church bad themselves.,14,Medio
Pokemon_Derek_435,Mov_260_edge,Want media hundred able.,11,Largo
Pokemon_Billy_163,Mov_261_they,Daughter bag try their fire.,15,Largo
Pokemon_Peter_529,Mov_262_then,Prevent force life today prevent candidate bed.,8,Corto
Pokemon_Dawn_326,Mov_263_nature,He recent picture respond form always tree land.,13,Medio
Pokemon_Lori_871,Mov_264_beyond,Music whose material machine plan high six candidate.,12,Corto
Pokemon_David_459,Mov_265_change,Sense place arrive.,9,Largo
Pokemon_Christopher_886,Mov_266_arm,They son on.,15,Corto
Pokemon_Karen_910,Mov_267_risk,Arm church indicate our.,8,Largo
Pokemon_Bobby_573,Mov_268_recognize,Ten why across only water.,15,Medio
Pokemon_Miguel_443,Mov_269_whole,Future wonder brother not population.,2,Largo
Pokemon_Dominique_688,Mov_270_as,Join movie nation institution.,12,Largo
Pokemon_Jerry_328,Mov_271_candidate,Fact magazine collection he tend sound.,8,Largo
Pokemon_Alexander_552,Mov_272_want,Environment husband nor life thought.,7,Corto
Pokemon_Leroy_321,Mov_273_able,Throw through wear set.,15,Corto
Pokemon_Anna_250,Mov_274_body,Across approach use executive than open.,13,Corto
Pokemon_Amanda_192,Mov_275_relate,Accept sister opportunity onto read tax parent.,3,Medio
Pokemon_Tiffany_26,Mov_276_join,Ask around ten me note wide than.,12,Corto
Pokemon_George_266,Mov_277_TV,Especially early country ball side dream.,15,Corto
Pokemon_David_296,Mov_278_usually,Tonight money style that character relationship.,12,Medio
Pokemon_Mario_60,Mov_279_discuss,Detail minute pull every.,12,Medio
Pokemon_Stacy_653,Mov_280_personal,Sport herself send inside.,10,Largo
Pokemon_Jennifer_755,Mov_281_purpose,Century result prove Democrat magazine grow.,7,Corto
Pokemon_Christopher_761,Mov_282_letter,Lawyer some would provide particularly road.,4,Medio
Pokemon_Jose_869,Mov_283_drop,Beyond wind fly school listen door.,13,Medio
Pokemon_Mark_121,Mov_284_our,Happy break speak can explain study.,6,Corto
Pokemon_Jerry_328,Mov_285_ability,Space both through everyone organization.,10,Medio
Pokemon_Matthew_676,Mov_286_worker,Cover experience involve agent.,3,Medio
Pokemon_Christian_63,Mov_287_economy,Big leave bill rock assume drive over happy.,15,Corto
Pokemon_John_263,Mov_288_employee,Bad American contain defense must cold tax.,11,Medio
Pokemon_Kimberly_194,Mov_289_offer,Choice his year can couple during.,14,Medio
Pokemon_Brianna_49,Mov_290_operation,Director dream method once.,2,Medio
Pokemon_Amber_58,Mov_291_direction,Strong so let thousand trial story.,6,Medio
Pokemon_Stephanie_411,Mov_292_so,Read sort scientist water surface somebody.,1,Corto
Pokemon_Diana_568,Mov_293_pull,Key one social.,10,Medio
Pokemon_Sara_398,Mov_294_space,Our back clear generation sense.,15,Medio
Pokemon_Tammy_621,Mov_295_maybe,Ask each thousand guess test vote according.,12,Corto
Pokemon_Carlos_990,Mov_296_little,Century public we change.,11,Largo
Pokemon_Jerry_357,Mov_297_already,Art stand bag region.,9,Medio
Pokemon_Steven_115,Mov_298_Democrat,Few only message early building month certain.,2,Corto
Pokemon_Kyle_476,Mov_299_particularly,World claim hair land second teach.,6,Medio
Pokemon_Mark_295,Mov_300_look,My visit arrive or hair body.,15,Medio
Pokemon_Alexandra_522,Mov_301_produce,Station power message.,12,Corto
Pokemon_Ronald_608,Mov_302_matter,Blue today either research consumer beyond if.,15,Largo
Pokemon_Philip_345,Mov_303_own,Much any manage member.,7,Medio
Pokemon_Destiny_782,Mov_304_process,Nation direction program less myself three positive.,5,Corto
Pokemon_Jake_164,Mov_305_west,Bed ability late good live here however.,6,Corto
Pokemon_Destiny_784,Mov_306_fear,Tend move main recognize thing.,1,Medio
Pokemon_Anthony_282,Mov_307_interest,Produce peace player choice remain.,13,Medio
Pokemon_John_226,Mov_308_story,Simple turn role road resource concern about.,13,Medio
Pokemon_Dominique_688,Mov_309_end,Station design force loss before ago.,14,Corto
Pokemon_Mitchell_247,Mov_310_possible,Of develop sea trip might guess.,4,Largo
Pokemon_Matthew_422,Mov_311_foreign,None keep night discover.,2,Largo
Pokemon_Kristina_66,Mov_312_beautiful,Employee brother exactly describe voice purpose.,7,Largo
Pokemon_Brian_210,Mov_313_writer,Conference everybody policy road.,7,Largo
Pokemon_Manuel_705,Mov_314_message,Type break word address moment sea.,14,Corto
Pokemon_Lori_734,Mov_315_too,Evidence study international official toward.,6,Medio
Pokemon_David_461,Mov_316_our,Speech arm will pass live wall audience special.,8,Medio
Pokemon_Dawn_326,Mov_317_party,Poor white establish certain.,12,Largo
Pokemon_Christine_117,Mov_318_deep,Develop subject from group building.,4,Largo
Pokemon_Robin_253,Mov_319_yourself,Rest little any politics blue specific.,1,Medio
Pokemon_Daniel_748,Mov_320_imagine,Stock fear conference discuss alone.,11,Corto
Pokemon_Sarah_914,Mov_321_report,Hold view ahead court shoulder box true.,14,Largo
Pokemon_Scott_876,Mov_322_defense,Market six current low none parent.,4,Largo
Pokemon_Joseph_545,Mov_323_close,Score ahead without foot material.,14,Largo
Pokemon_Manuel_705,Mov_324_mind,Size age sister maybe produce letter.,3,Largo
Pokemon_Carmen_948,Mov_325_environment,Leg now while thing.,4,Corto
Pokemon_Jessica_731,Mov_326_coach,Draw never recently method film within.,7,Medio
Pokemon_Brianna_710,Mov_327_magazine,Mind student national more sort.,15,Medio
Pokemon_Sandra_447,Mov_328_subject,Expert behind on everybody west anyone.,5,Largo
Pokemon_David_296,Mov_329_serve,Hit rate nearly almost lose main anyone.,7,Largo
Pokemon_Alexander_530,Mov_330_know,Discussion risk six world.,1,Corto
Pokemon_Angel_546,Mov_331_since,Window hot expert say chair.,4,Corto
Pokemon_Julie_416,Mov_332_hospital,Focus bar think today eye official agree.,13,Largo
Pokemon_Steven_650,Mov_333_road,And pay hit.,12,Medio
Pokemon_Kevin_161,Mov_334_world,Prevent serve concern other get.,9,Largo
Pokemon_Jose_869,Mov_335_contain,Office east only safe.,3,Corto
Pokemon_Mary_928,Mov_336_suggest,There life product something.,14,Largo
Pokemon_Karen_910,Mov_337_including,Attack sell throughout nearly watch.,11,Medio
Pokemon_Austin_136,Mov_338_since,Place minute short either accept close.,6,Medio
Pokemon_Kevin_161,Mov_339_finally,Half sometimes trial recognize save.,11,Largo
Pokemon_Justin_299,Mov_340_program,Floor let response instead anything great wind report.,12,Largo
Pokemon_Lisa_166,Mov_341_purpose,Spend at character discussion note.,10,Corto
Pokemon_Eric_315,Mov_342_size,Party last voice performance.,5,Corto
Pokemon_Brittney_694,Mov_343_little,Guy American use political.,5,Corto
Pokemon_Heather_713,Mov_344_none,Card service traditional piece source.,9,Corto
Pokemon_James_395,Mov_345_common,Good show focus meeting resource assume between.,15,Largo
Pokemon_Joseph_584,Mov_346_organization,None quality third actually market specific.,10,Largo
Pokemon_David_353,Mov_347_quickly,According appear live land.,4,Corto
Pokemon_Derrick_346,Mov_348_practice,Something ask deep side local reveal whom.,9,Corto
Pokemon_Stanley_793,Mov_349_end,Rate discussion hospital travel.,15,Medio
Pokemon_Jerry_85,Mov_350_and,Any safe become suggest camera system.,8,Corto
Pokemon_Brian_776,Mov_351_window,Himself clear particular story little.,12,Largo
Pokemon_Carlos_114,Mov_352_coach,Civil fact give raise inside reveal.,10,Corto
Pokemon_Amanda_902,Mov_353_too,Finish board under wonder material.,8,Corto
Pokemon_Kristine_829,Mov_354_career,Certainly trip gun community.,10,Medio
Pokemon_Kathleen_862,Mov_355_culture,Tv cold campaign.,10,Medio
Pokemon_Robert_554,Mov_356_hundred,Tonight ball impact as tonight.,4,Medio
Pokemon_David_572,Mov_357_suggest,Call during top see deep foreign.,1,Corto
Pokemon_Jake_164,Mov_358_outside,Discover idea sing dinner.,5,Largo
Pokemon_Wendy_835,Mov_359_wife,Figure matter these those.,10,Largo
Pokemon_Ashley_270,Mov_360_affect,Center dream behavior.,3,Medio
Pokemon_Alexandra_522,Mov_361_government,About out get make performance number.,12,Medio
Pokemon_Matthew_173,Mov_362_report,Determine rule act.,7,Largo
Pokemon_Jose_869,Mov_363_list,Heart successful simple hold point style trip.,14,Medio
Pokemon_Nicole_685,Mov_364_east,Weight challenge score modern.,6,Largo
Pokemon_Kayla_565,Mov_365_toward,Feel life direction member.,7,Corto
Pokemon_Philip_323,Mov_366_stuff,What institution affect their trip financial.,3,Largo
Pokemon_Dalton_539,Mov_367_hour,Enough already suffer blue character ability top.,12,Largo
Pokemon_Douglas_624,Mov_368_win,Law us not consider treat.,3,Largo
Pokemon_Jodi_327,Mov_369_per,Anything plant reflect money economy.,2,Corto
Pokemon_Bryan_693,Mov_370_her,Herself product throughout better officer.,8,Medio
Pokemon_Laura_352,Mov_371_agree,Type call official.,14,Corto
Pokemon_Scott_514,Mov_372_suddenly,Customer late hour sound.,6,Medio
Pokemon_Kristina_293,Mov_373_former,Any my seek.,13,Largo
Pokemon_Jose_474,Mov_374_state,Recognize down hospital control trouble change.,14,Largo
Pokemon_Lisa_684,Mov_375_member,Staff weight structure sense summer successful surface.,3,Medio
Pokemon_Joseph_843,Mov_376_article,Tend government people believe will culture.,11,Corto
Pokemon_Marcus_585,Mov_377_increase,Perhaps resource only find surface want course interview.,13,Corto
Pokemon_Amanda_88,Mov_378_impact,Quality hair home simply near east finally.,12,Medio
Pokemon_Miguel_4,Mov_379_form,Cultural development generation away bar wide.,2,Largo
Pokemon_James_395,Mov_380_together,At through particular policy key resource.,8,Medio
Pokemon_Victor_219,Mov_381_yet,Say game far animal true.,7,Largo
Pokemon_April_109,Mov_382_many,Every staff fly bit public.,14,Corto
Pokemon_Frank_86,Mov_383_stop,Let PM pass.,11,Medio
Pokemon_Leroy_321,Mov_384_guess,Door really matter common.,6,Corto
Pokemon_Linda_832,Mov_385_there,Cold ground generation machine suffer trip.,6,Corto
Pokemon_Mark_708,Mov_386_car,Administration smile traditional.,12,Largo
Pokemon_Brooke_363,Mov_387_red,Store where money onto.,11,Largo
Pokemon_Jay_217,Mov_388_positive,Of alone win purpose way fight capital.,14,Corto
Pokemon_Christina_380,Mov_389_necessary,Money production full successful itself.,7,Largo
Pokemon_Jesse_38,Mov_390_standard,Into down dark second pressure area energy.,9,Medio
Pokemon_Robert_580,Mov_391_couple,Of some follow.,12,Medio
Pokemon_Brittany_706,Mov_392_several,Grow gun process well add everyone.,11,Medio
Pokemon_April_50,Mov_393_not,Call coach next up impact.,13,Corto
Pokemon_Kyle_758,Mov_394_sport,Participant early drop writer fast.,1,Corto
Pokemon_Marcus_949,Mov_395_deal,Girl these some voice.,3,Largo
Pokemon_Sarah_528,Mov_396_health,Win edge film eye fly.,5,Corto
Pokemon_Luis_174,Mov_397_ok,Stage door job past enter.,12,Largo
Pokemon_Judith_417,Mov_398_treat,Not speech most buy than.,14,Medio
Pokemon_Chelsea_75,Mov_399_something,Others hour maybe increase help threat maintain position.,2,Corto
Pokemon_Gina_526,Mov_400_impact,Cell have usually become form he seek.,2,Medio
Pokemon_Michael_180,Mov_401_while,Fill five know make power red administration.,2,Corto
Pokemon_James_823,Mov_402_education,Join education become design nothing.,15,Corto
Pokemon_Anthony_145,Mov_403_either,Nice true style plant town.,14,Largo
Pokemon_Charlene_536,Mov_404_kitchen,Leg future owner population arrive message but daughter.,11,Corto
Pokemon_Mark_817,Mov_405_thus,Party store air.,10,Largo
Pokemon_Elizabeth_622,Mov_406_star,Once officer customer student music star case.,11,Medio
Pokemon_Marie_709,Mov_407_their,On society financial follow indeed author participant hundred.,1,Medio
Pokemon_Curtis_602,Mov_408_pattern,Sea piece thus reach.,14,Corto
Pokemon_Jenna_40,Mov_409_art,While could bring piece day summer fly.,2,Medio
Pokemon_James_280,Mov_410_such,Level personal teacher drive.,4,Largo
Pokemon_Linda_494,Mov_411_white,All media training pretty.,14,Medio
Pokemon_Sandy_728,Mov_412_decide,Medical after mother should ability if purpose husband.,10,Medio
Pokemon_Jeremy_641,Mov_413_hour,Tend conference admit because south power four.,5,Largo
Pokemon_Kristin_994,Mov_414_term,Phone keep parent him term mouth worker reveal.,2,Largo
Pokemon_Sarah_150,Mov_415_with,Network tell lay play recently call surface beat.,14,Corto
Pokemon_Kari_356,Mov_416_speak,Better free major win.,5,Medio
Pokemon_Kelli_31,Mov_417_fish,Degree six yeah involve leader site commercial.,11,Medio
Pokemon_Amy_826,Mov_418_general,Girl as no special country.,11,Largo
Pokemon_Stacey_969,Mov_419_sense,Per be modern actually require source term strong.,4,Largo
Pokemon_Anthony_689,Mov_420_central,Social increase buy be government organization suddenly down.,3,Medio
Pokemon_Michael_129,Mov_421_child,Strategy local to wrong writer even medical.,1,Largo
Pokemon_Kevin_264,Mov_422_agreement,Big draw describe though floor always.,11,Medio
Pokemon_Angela_231,Mov_423_simple,Resource son will site certainly arm.,6,Medio
Pokemon_Jade_317,Mov_424_pull,Between address two quickly.,12,Medio
Pokemon_Mark_74,Mov_425_guy,Buy matter market employee happy.,1,Largo
Pokemon_Robert_524,Mov_426_seem,System develop at production popular.,6,Corto
Pokemon_David_242,Mov_427_then,Buy usually trade already those voice.,9,Medio
Pokemon_Brenda_913,Mov_428_ground,Energy personal large citizen city suggest box phone.,11,Corto
Pokemon_Christopher_15,Mov_429_cut,Better necessary game attorney sit two.,8,Corto
Pokemon_Steven_650,Mov_430_happen,Surface official short it enough prevent serve.,2,Largo
Pokemon_Philip_323,Mov_431_would,Be able writer pass small drop edge.,7,Medio
Pokemon_Samantha_147,Mov_432_participant,Man everyone our per physical rather several.,8,Medio
Pokemon_Samantha_147,Mov_433_beat,Every collection organization pay arrive woman focus.,9,Largo
Pokemon_Kimberly_677,Mov_434_like,Inside nice list affect note.,1,Corto
Pokemon_Jerry_328,Mov_435_conference,Herself race east goal.,11,Corto
Pokemon_Robert_322,Mov_436_family,Picture leader many from owner.,5,Largo
Pokemon_Luis_365,Mov_437_foot,City politics see actually kind.,13,Largo
Pokemon_Brian_776,Mov_438_gas,Member lawyer arm friend case heavy theory.,11,Largo
Pokemon_Lawrence_206,Mov_439_second,Close responsibility likely letter wall.,9,Largo
Pokemon_Allison_185,Mov_440_section,Involve add around.,10,Largo
Pokemon_Steven_650,Mov_441_nor,Market can of campaign.,4,Medio
Pokemon_Chad_426,Mov_442_group,Star the eight certain think between recognize.,14,Medio
Pokemon_David_932,Mov_443_become,Until during guy draw why.,6,Corto
Pokemon_Steven_650,Mov_444_plant,Religious hit father.,5,Corto
Pokemon_Alan_970,Mov_445_we,Significant attack music size opportunity whole another.,7,Largo
Pokemon_Anna_703,Mov_446_would,Number green toward personal head design difference.,6,Medio
Pokemon_Julie_223,Mov_447_hold,Economy senior design use put.,14,Largo
Pokemon_John_544,Mov_448_less,Laugh leg pressure expect black.,6,Largo
Pokemon_Stacy_381,Mov_449_choose,Office watch wear.,11,Medio
Pokemon_Kyle_476,Mov_450_during,Firm east stop defense air to remain.,7,Largo
Pokemon_Darlene_670,Mov_451_hit,Bag difficult yeah evidence do scientist market deal.,1,Medio
Pokemon_Matthew_635,Mov_452_end,Half always opportunity.,12,Medio
Pokemon_David_572,Mov_453_live,Attack spend probably message instead pretty.,5,Largo
Pokemon_James_118,Mov_454_catch,Participant serve enough popular likely.,1,Largo
Pokemon_Hunter_155,Mov_455_will,Join best culture whatever baby say real.,2,Medio
Pokemon_Shelby_277,Mov_456_note,Kid summer very thank fact billion key.,9,Largo
Pokemon_Matthew_377,Mov_457_per,Require price fund region.,8,Largo
Pokemon_David_932,Mov_458_level,Agreement right floor put wind agent line soldier.,11,Corto
Pokemon_Jennifer_659,Mov_459_easy,Same staff father daughter surface.,5,Medio
Pokemon_Ashley_768,Mov_460_statement,Nation notice follow south design since member.,15,Corto
Pokemon_William_982,Mov_461_international,Thing admit enjoy shoulder drop.,15,Largo
Pokemon_Luis_174,Mov_462_wait,Off soon energy name recently important.,8,Corto
Pokemon_Lisa_636,Mov_463_sign,Artist fire common thing I general add.,8,Largo
Pokemon_Anthony_578,Mov_464_himself,Natural nothing economy situation hold travel through.,1,Corto
Pokemon_Angela_12,Mov_465_recently,Data color couple student with article the.,8,Medio
Pokemon_Matthew_377,Mov_466_his,Range husband fear can.,7,Medio
Pokemon_Jeffrey_222,Mov_467_character,Drive table send still represent husband.,9,Medio
Pokemon_Kurt_794,Mov_468_own,Picture instead full anything health.,15,Largo
Pokemon_Tiffany_999,Mov_469_those,Stage yet pay control certain evidence.,10,Medio
Pokemon_Erica_148,Mov_470_administration,Address foot business bill than.,4,Medio
Pokemon_Samantha_147,Mov_471_particular,Factor deal also prepare authority push full because.,14,Medio
Pokemon_Maria_504,Mov_472_difficult,More conference forward few network important buy.,7,Corto
Pokemon_Belinda_36,Mov_473_or,Describe across future why quickly laugh.,15,Medio
Pokemon_Jeremiah_359,Mov_474_rule,Behavior say cultural three with fall rise.,14,Corto
Pokemon_Miguel_4,Mov_475_green,Current base turn bit.,6,Medio
Pokemon_Xavier_945,Mov_476_next,Simply kitchen likely.,4,Largo
Pokemon_Lauren_126,Mov_477_education,Friend improve strong chair continue despite.,11,Medio
Pokemon_April_570,Mov_478_goal,Over personal market staff during.,6,Medio
Pokemon_Sarah_528,Mov_479_enter,Good sort heavy issue red recently simple.,13,Medio
Pokemon_Angela_471,Mov_480_how,Detail most job cut.,13,Largo
Pokemon_Brenda_453,Mov_481_single,Modern sister true go down.,10,Largo
Pokemon_Erin_700,Mov_482_road,Along rather enter through chance goal for.,5,Medio
Pokemon_Monica_30,Mov_483_heart,Record resource bad.,4,Largo
Pokemon_Travis_361,Mov_484_brother,Mention east I thousand like stage run old.,1,Largo
Pokemon_Danielle_741,Mov_485_street,Evening clear sense reason newspaper finish yes ahead.,7,Largo
Pokemon_Michael_690,Mov_486_standard,Red soon but collection.,10,Largo
Pokemon_Angela_471,Mov_487_wide,I gun Mrs use mind.,14,Largo
Pokemon_Eileen_452,Mov_488_president,Whatever me mention involve word reflect billion.,3,Medio
Pokemon_Zachary_274,Mov_489_beat,Worker be site rich according yet.,8,Medio
Pokemon_Tracy_588,Mov_490_sing,Expert campaign point put practice will color piece.,12,Corto
Pokemon_Alejandra_820,Mov_491_throughout,Practice science approach.,1,Corto
Pokemon_Linda_463,Mov_492_wind,Attack worry system special artist back will.,3,Medio
Pokemon_Sarah_150,Mov_493_like,Follow among specific notice.,7,Medio
Pokemon_Wayne_847,Mov_494_cut,Professor security blood responsibility special.,12,Medio
Pokemon_Craig_446,Mov_495_strong,Society per up site a listen.,12,Largo
Pokemon_Thomas_428,Mov_496_positive,Long husband trade already whole.,13,Largo
Pokemon_Jessica_267,Mov_497_power,A page go thousand.,1,Medio
Pokemon_Geoffrey_449,Mov_498_husband,Final institution read cause.,1,Medio
Pokemon_John_110,Mov_499_remember,Summer ground use high us go military.,9,Medio
Pokemon_Dawn_497,Mov_500_success,Anyone whatever I realize.,10,Corto
Pokemon_Kenneth_930,Mov_501_read,Art only behind but whose hundred.,4,Largo
Pokemon_Brandon_833,Mov_502_natural,Return care customer record power.,12,Largo
Pokemon_Felicia_618,Mov_503_wish,Trouble TV show contain letter.,15,Largo
Pokemon_Jill_37,Mov_504_song,Congress tough majority role baby result paper.,8,Largo
Pokemon_John_263,Mov_505_might,Instead difficult threat under eye animal.,13,Corto
Pokemon_Charlene_536,Mov_506_until,Never special hundred debate room.,10,Largo
Pokemon_Jeffrey_221,Mov_507_pay,Become hope focus herself home.,10,Largo
Pokemon_Joseph_592,Mov_508_year,Three hold anyone thank friend.,11,Largo
Pokemon_Andre_203,Mov_509_ok,Must light improve say expect provide TV.,12,Largo
Pokemon_Emily_125,Mov_510_talk,Account else so he per home.,5,Corto
Pokemon_Vincent_995,Mov_511_consumer,Likely for west leave because center story foreign.,12,Corto
Pokemon_Lucas_579,Mov_512_boy,Knowledge edge official positive agent old respond.,4,Largo
Pokemon_James_424,Mov_513_war,Wall figure beyond see new.,10,Medio
Pokemon_Kristopher_298,Mov_514_plan,Parent itself attorney reflect but.,5,Medio
Pokemon_Debra_251,Mov_515_hour,West court expect box.,7,Largo
Pokemon_Larry_978,Mov_516_after,Result choice five several now worry.,14,Corto
Pokemon_Charles_864,Mov_517_sport,Thing audience administration cause she admit general.,15,Largo
Pokemon_William_678,Mov_518_change,Forget situation these choose remember.,5,Largo
Pokemon_Roberta_401,Mov_519_upon,About exist right.,7,Corto
Pokemon_Phillip_301,Mov_520_forget,Service surface now well cup baby improve.,5,Largo
Pokemon_Lisa_569,Mov_521_join,South stock exist film suffer.,15,Corto
Pokemon_Tina_885,Mov_522_oil,Range conference world chance.,15,Corto
Pokemon_Philip_323,Mov_523_cultural,Leg beat air.,2,Largo
Pokemon_Stephanie_614,Mov_524_laugh,Avoid sister feeling guess he take half send.,5,Medio
Pokemon_Derrick_892,Mov_525_office,Stand deep north event build.,9,Largo
Pokemon_Jessica_781,Mov_526_room,Various try nature pretty security still thought fund.,11,Largo
Pokemon_Alexander_745,Mov_527_executive,Factor beat cell chair police.,14,Medio
Pokemon_Patricia_120,Mov_528_including,Close analysis front option single good thank wear.,8,Medio
Pokemon_Bryan_693,Mov_529_window,Thing last pull democratic require movie.,14,Corto
Pokemon_Patrick_516,Mov_530_responsibility,Scientist page his fear those.,13,Corto
Pokemon_Deborah_543,Mov_531_finally,Young now believe response performance recognize age.,12,Medio
Pokemon_Alexander_564,Mov_532_bring,Name tonight specific standard fast approach.,3,Medio
Pokemon_Wendy_696,Mov_533_institution,Parent enter continue.,7,Medio
Pokemon_Jacqueline_952,Mov_534_him,Already reach me home show leave theory.,5,Largo
Pokemon_Richard_964,Mov_535_research,High heavy several partner someone.,6,Corto
Pokemon_Kelly_122,Mov_536_assume,Ten benefit then pretty herself.,7,Medio
Pokemon_Steven_956,Mov_537_if,Soldier other begin black former.,8,Corto
Pokemon_Shelley_576,Mov_538_popular,White certain become area.,12,Medio
Pokemon_Daniel_415,Mov_539_detail,Firm nation carry son individual.,15,Medio
Pokemon_Michele_771,Mov_540_pull,Student time soon.,10,Corto
Pokemon_Robert_973,Mov_541_avoid,Wife financial song evidence ok.,7,Medio
Pokemon_Monica_633,Mov_542_can,Site piece late herself have contain condition strong.,5,Largo
Pokemon_Paul_965,Mov_543_you,Time simple box his still nearly.,8,Medio
Pokemon_Daniel_415,Mov_544_night,Teacher agreement claim.,10,Medio
Pokemon_Phillip_301,Mov_545_deep,Less suggest thing up common recently today.,7,Largo
Pokemon_Curtis_499,Mov_546_not,Son girl here hair street magazine radio.,5,Medio
Pokemon_Roberta_939,Mov_547_shake,Store every generation ever seven organization.,7,Medio
Pokemon_Robert_455,Mov_548_field,Perform behavior minute discover.,11,Corto
Pokemon_Morgan_44,Mov_549_child,Bed magazine feeling south.,1,Corto
Pokemon_Destiny_784,Mov_550_people,Although send figure right.,15,Medio
Pokemon_Ashley_179,Mov_551_clear,Enough responsibility teacher future.,12,Medio
Pokemon_Tiffany_26,Mov_552_peace,Card us responsibility course.,13,Medio
Pokemon_Andrew_901,Mov_553_brother,Both growth work open try early strong former.,4,Corto
Pokemon_Gail_391,Mov_554_central,Poor bad adult teach agreement our hit live.,4,Largo
Pokemon_Joe_389,Mov_555_ground,Leader teach company far week author language.,3,Medio
Pokemon_Darlene_388,Mov_556_involve,All large government every never.,10,Corto
Pokemon_Sophia_491,Mov_557_whether,Break yourself story protect financial capital.,4,Largo
Pokemon_Angel_432,Mov_558_reveal,Work building as final.,6,Largo
Pokemon_Mary_581,Mov_559_actually,Certain statement first toward project.,13,Corto
Pokemon_Carrie_152,Mov_560_peace,International number degree page accept deal.,15,Medio
Pokemon_Courtney_338,Mov_561_add,Ability himself team.,15,Medio
Pokemon_Keith_904,Mov_562_understand,Reveal such measure choose how authority voice word.,9,Largo
Pokemon_Maurice_531,Mov_563_process,Although official prepare cost effort.,12,Largo
Pokemon_Linda_450,Mov_564_thank,Another each care executive take test.,7,Largo
Pokemon_Lori_613,Mov_565_score,Run produce small box.,3,Medio
Pokemon_Lance_383,Mov_566_pull,Focus thousand check.,5,Largo
Pokemon_Christopher_165,Mov_567_significant,Nor organization war black in woman.,11,Medio
Pokemon_Stacey_501,Mov_568_bit,Reveal more full.,3,Medio
Pokemon_Angela_437,Mov_569_who,Agreement along until side.,2,Largo
Pokemon_Michelle_252,Mov_570_response,Follow girl out parent relationship.,10,Medio
Pokemon_Chad_806,Mov_571_along,Start accept race claim college show spend.,8,Largo
Pokemon_Elizabeth_249,Mov_572_practice,Whole away too wall tell ball catch news.,7,Medio
Pokemon_Tiffany_26,Mov_573_behind,Friend painting on represent design.,11,Largo
Pokemon_Karen_848,Mov_574_attack,Blood go about enjoy able business area.,14,Medio
Pokemon_Mary_980,Mov_575_ten,Shoulder determine tough himself relationship seat according.,2,Largo
Pokemon_Rachel_351,Mov_576_amount,Ten economic wait color poor always surface.,6,Medio
Pokemon_Rebecca_867,Mov_577_sound,Type so movie help wait.,7,Largo
Pokemon_Laura_288,Mov_578_three,Sort wrong later plant.,3,Medio
Pokemon_Michael_764,Mov_579_much,See report small option change suffer character.,15,Corto
Pokemon_Anthony_145,Mov_580_draw,Should ground traditional tonight future huge out.,4,Medio
Pokemon_Evan_7,Mov_581_before,Where research small call movement perhaps prepare business.,3,Corto
Pokemon_Tammy_84,Mov_582_not,Short yes company glass.,8,Largo
Pokemon_Jeremiah_246,Mov_583_where,Argue fear catch price staff live pay.,5,Largo
Pokemon_Mary_849,Mov_584_behavior,Begin time specific.,13,Corto
Pokemon_Alexandra_522,Mov_585_science,Threat guy food second.,5,Corto
Pokemon_Jesse_643,Mov_586_responsibility,Customer any pull prove.,14,Largo
Pokemon_Amy_985,Mov_587_threat,Attorney religious weight such ground any wear.,2,Medio
Pokemon_Nicole_364,Mov_588_camera,Serious break wonder all.,2,Medio
Pokemon_Susan_605,Mov_589_site,Shake develop later candidate.,12,Medio
Pokemon_Joseph_557,Mov_590_own,Modern protect situation everyone.,11,Corto
Pokemon_Sandy_728,Mov_591_hour,Red report wait around leave.,14,Medio
Pokemon_Aaron_90,Mov_592_involve,Where rock myself west rise party.,3,Medio
Pokemon_Sarah_421,Mov_593_answer,Reach significant parent vote hear.,6,Medio
Pokemon_James_238,Mov_594_less,Economy quite give form pass minute.,13,Largo
Pokemon_Michelle_879,Mov_595_stand,Rule computer section plan yes.,11,Medio
Pokemon_Christopher_856,Mov_596_early,Describe would event we significant.,2,Medio
Pokemon_Brandi_642,Mov_597_should,Culture relationship rich.,2,Largo
Pokemon_Raymond_283,Mov_598_trouble,Much hope we executive list writer various this.,12,Largo
Pokemon_Angela_772,Mov_599_that,Turn point church.,3,Corto
Pokemon_Maria_498,Mov_600_that,Rise avoid game fine star nation go.,12,Corto
Pokemon_Larry_337,Mov_601_project,Safe which accept week how social.,2,Largo
Pokemon_Wendy_696,Mov_602_if,History television morning indeed knowledge born.,8,Medio
Pokemon_Luis_365,Mov_603_budget,Business lay member ability rise explain operation.,15,Medio
Pokemon_Philip_323,Mov_604_manage,At market forward friend whose wall decide.,3,Corto
Pokemon_Michael_486,Mov_605_before,Knowledge he until over push.,7,Corto
Pokemon_Angela_772,Mov_606_window,Then own not city attack and.,5,Largo
Pokemon_Mark_817,Mov_607_stop,Visit third manager player despite.,11,Largo
Pokemon_Amanda_824,Mov_608_agreement,Within case say guess carry somebody face.,12,Corto
Pokemon_John_102,Mov_609_tend,Describe draw detail environmental local.,14,Medio
Pokemon_Casey_816,Mov_610_stage,Itself consider me million.,4,Medio
Pokemon_Brandi_642,Mov_611_then,Low source crime art question attack.,15,Largo
Pokemon_Travis_414,Mov_612_take,Consider above appear young event feel security number.,11,Corto
Pokemon_Matthew_22,Mov_613_fish,Special industry lawyer ready food.,3,Largo
Pokemon_Roger_875,Mov_614_age,Develop pay his top.,3,Largo
Pokemon_Christopher_82,Mov_615_decision,Hold buy sometimes summer candidate.,7,Largo
Pokemon_Adriana_462,Mov_616_job,Consumer participant item.,4,Corto
Pokemon_Jennifer_802,Mov_617_thousand,Piece hit through article eat candidate on gas.,7,Largo
Pokemon_Dennis_756,Mov_618_school,Space center structure worker whose cut.,9,Medio
Pokemon_Jenna_919,Mov_619_according,Ahead together these during.,15,Largo
Pokemon_Leslie_339,Mov_620_give,Be threat security air play grow.,15,Largo
Pokemon_Nathaniel_475,Mov_621_ability,Technology wrong morning garden in indicate must.,10,Largo
Pokemon_Derrick_714,Mov_622_check,Pretty able board stop deep according condition run.,10,Largo
Pokemon_Steven_956,Mov_623_sport,Its send girl Congress stock follow.,11,Largo
Pokemon_Aaron_858,Mov_624_while,Letter pass toward pressure save view every.,15,Corto
Pokemon_Ann_241,Mov_625_debate,They care last hit inside camera.,11,Medio
Pokemon_Steven_566,Mov_626_safe,Soon nice consumer may man she land single.,10,Medio
Pokemon_Christopher_591,Mov_627_top,Toward operation poor spend especially.,4,Largo
Pokemon_Leslie_339,Mov_628_month,Eye street offer speech specific decision garden.,9,Corto
Pokemon_Jason_495,Mov_629_assume,Stay organization stay window.,9,Medio
Pokemon_Emily_961,Mov_630_art,Attorney budget that law own.,2,Medio
Pokemon_Susan_739,Mov_631_image,Today their money kitchen sea able.,13,Medio
Pokemon_Jennifer_789,Mov_632_three,View cost then.,11,Largo
Pokemon_Lance_383,Mov_633_control,Matter save her.,1,Corto
Pokemon_Shane_140,Mov_634_place,That worker cause design college ball shoulder wall.,8,Medio
Pokemon_Christina_480,Mov_635_three,Interest American trip look.,11,Largo
Pokemon_Lindsay_419,Mov_636_them,Those mouth without school recognize American.,3,Largo
Pokemon_Gail_260,Mov_637_leg,Collection during grow here.,2,Corto
Pokemon_David_941,Mov_638_factor,Our show thing.,10,Medio
Pokemon_Stacy_653,Mov_639_religious,Goal citizen his seven direction manager.,5,Corto
Pokemon_Joseph_320,Mov_640_think,Above prevent fly everyone card our.,15,Corto
Pokemon_Amanda_902,Mov_641_ever,If tough strong whom for who.,12,Medio
Pokemon_Gail_391,Mov_642_local,Blue hotel stage single.,3,Largo
Pokemon_Paul_666,Mov_643_word,Night concern realize.,14,Medio
Pokemon_Bradley_974,Mov_644_price,Nor cup door high.,4,Medio
Pokemon_Peter_529,Mov_645_woman,Process effect heart media tax son owner.,10,Largo
Pokemon_Virginia_64,Mov_646_change,People yeah same.,8,Largo
Pokemon_Crystal_273,Mov_647_discover,Operation buy ago record.,10,Medio
Pokemon_Kayla_565,Mov_648_international,Amount left summer attorney method nothing watch.,15,Largo
Pokemon_Angela_437,Mov_649_account,Policy eye happy someone mother learn so.,10,Largo
Pokemon_Deborah_631,Mov_650_evidence,Term company customer many page within.,1,Largo
Pokemon_Randy_154,Mov_651_national,Road dark huge wonder model.,12,Medio
Pokemon_Sandra_229,Mov_652_energy,Move put teach goal education growth rise.,9,Largo
Pokemon_Susan_605,Mov_653_while,Whose manage state.,14,Corto
Pokemon_Jacob_153,Mov_654_foot,A believe leader.,14,Largo
Pokemon_Anna_292,Mov_655_receive,Build try have alone staff foot.,5,Largo
Pokemon_Jonathan_747,Mov_656_risk,Because financial both.,12,Medio
Pokemon_Cynthia_510,Mov_657_president,Better water friend down.,10,Corto
Pokemon_James_78,Mov_658_PM,Attack from forward seat lose country policy.,2,Corto
Pokemon_Charles_160,Mov_659_concern,Suffer tree artist even gas crime.,15,Corto
Pokemon_James_78,Mov_660_leg,Identify much note law four here.,10,Largo
Pokemon_Kristopher_298,Mov_661_challenge,Pass bar major half.,5,Medio
Pokemon_Jacob_153,Mov_662_plan,Throw time wonder.,2,Largo
Pokemon_Richard_444,Mov_663_network,Lead add realize.,5,Corto
Pokemon_Heather_779,Mov_664_law,Stay third church probably open let throw resource.,11,Largo
Pokemon_Michelle_879,Mov_665_democratic,Group development billion into ago.,3,Medio
Pokemon_Jose_869,Mov_666_something,Good official there war.,8,Corto
Pokemon_Christopher_839,Mov_667_decade,Sort author page.,11,Medio
Pokemon_David_373,Mov_668_student,Process entire phone these several type management.,8,Largo
Pokemon_Courtney_626,Mov_669_modern,Better class go section color produce toward.,1,Corto
Pokemon_Emma_790,Mov_670_fly,Star quality situation enjoy me.,2,Largo
Pokemon_Anthony_628,Mov_671_matter,Available know professional training.,2,Largo
Pokemon_Gail_260,Mov_672_change,Trip follow police policy many four wrong.,7,Medio
Pokemon_Heather_967,Mov_673_able,Along order program partner bill.,9,Medio
Pokemon_Krystal_99,Mov_674_health,Political draw know though.,13,Largo
Pokemon_Renee_502,Mov_675_development,Successful officer participant enough.,2,Medio
Pokemon_Travis_414,Mov_676_everybody,Player over serious participant meeting star choose.,10,Largo
Pokemon_Mary_849,Mov_677_front,Meeting card force phone.,7,Corto
Pokemon_Theresa_934,Mov_678_attorney,Might old whose plan.,8,Corto
Pokemon_Anthony_151,Mov_679_former,After hold certain.,9,Largo
Pokemon_Jessica_733,Mov_680_government,Bar form full.,15,Corto
Pokemon_Cynthia_521,Mov_681_day,Animal why candidate hotel later.,9,Medio
Pokemon_Patricia_830,Mov_682_of,Get mention you quite.,14,Largo
Pokemon_Justin_299,Mov_683_figure,Defense well before.,9,Medio
Pokemon_Johnny_889,Mov_684_world,Food fact easy total game according office.,9,Largo
Pokemon_Alexander_745,Mov_685_bank,Pick thus sister security street occur person.,11,Corto
Pokemon_Rachel_549,Mov_686_born,Trade quality get tough quite put.,14,Corto
Pokemon_Jose_897,Mov_687_purpose,Suddenly real per contain listen upon coach.,8,Medio
Pokemon_Jodi_327,Mov_688_why,City still knowledge you consider list.,1,Corto
Pokemon_Erin_700,Mov_689_these,Institution possible question fine.,15,Largo
Pokemon_Roger_979,Mov_690_couple,Age send question exactly character see best test.,3,Largo
Pokemon_Allison_185,Mov_691_kitchen,Think bit meeting gas.,15,Corto
Pokemon_Margaret_362,Mov_692_certain,Respond then first party smile.,8,Largo
Pokemon_Victor_219,Mov_693_hundred,Role author very.,15,Largo
Pokemon_James_632,Mov_694_author,Into crime alone real.,2,Largo
Pokemon_Alejandro_1,Mov_695_boy,Check message tell fish.,3,Medio
Pokemon_Micheal_535,Mov_696_structure,Family that body figure theory travel source.,10,Corto
Pokemon_Jeffrey_221,Mov_697_fall,Dinner national specific top.,10,Medio
Pokemon_Brooke_363,Mov_698_painting,Allow month turn among.,12,Medio
Pokemon_Joseph_891,Mov_699_game,Tend important executive thought.,2,Medio
Pokemon_Sarah_561,Mov_700_general,Lawyer growth someone discover eight.,12,Largo
Pokemon_Sara_398,Mov_701_Congress,Full everybody worker election.,9,Corto
Pokemon_Jason_423,Mov_702_do,How it form explain series.,4,Largo
Pokemon_Robin_489,Mov_703_late,Believe doctor audience less stand lay.,2,Medio
Pokemon_Stephen_343,Mov_704_reality,Marriage reality note strong claim.,9,Largo
Pokemon_Emily_770,Mov_705_tax,Learn fund subject from various strategy trouble.,13,Corto
Pokemon_Willie_171,Mov_706_be,Probably probably hard involve middle natural.,8,Medio
Pokemon_Lauren_126,Mov_707_security,Available their certain rate.,6,Medio
Pokemon_Michael_617,Mov_708_never,Once news amount.,14,Medio
Pokemon_Bethany_409,Mov_709_understand,Nothing choice action factor mind.,4,Corto
Pokemon_Jessica_318,Mov_710_her,Training third exist usually force bring college.,12,Medio
Pokemon_David_8,Mov_711_young,View nice and option.,4,Largo
Pokemon_Andrea_186,Mov_712_budget,Itself available draw reveal pick him force.,3,Corto
Pokemon_Sarah_528,Mov_713_fine,Yes movie draw start American language.,1,Medio
Pokemon_Susan_605,Mov_714_most,Feel every represent sure fall.,7,Medio
Pokemon_Todd_924,Mov_715_approach,It risk few employee.,14,Corto
Pokemon_Samuel_387,Mov_716_believe,Lose order forget since economy walk nearly finally.,10,Largo
Pokemon_Alejandra_820,Mov_717_soldier,Energy story eight sometimes animal.,12,Medio
Pokemon_Bethany_409,Mov_718_wide,Gas play tax value before.,2,Largo
Pokemon_Linda_494,Mov_719_bill,Sing place capital central responsibility.,3,Corto
Pokemon_Jeffrey_221,Mov_720_article,West Democrat economic none after deal.,5,Largo
Pokemon_Robert_455,Mov_721_physical,Next cover common book production stuff eat new.,12,Largo
Pokemon_Melissa_397,Mov_722_process,People nation indeed wide you.,14,Medio
Pokemon_Ashley_350,Mov_723_mention,Pay these own certainly trade.,10,Largo
Pokemon_Lacey_172,Mov_724_under,Myself parent itself feeling raise that.,6,Largo
Pokemon_Melissa_788,Mov_725_tax,Present mouth foreign training.,9,Medio
Pokemon_Rebecca_720,Mov_726_reflect,Sound tax become stuff good politics.,15,Medio
Pokemon_Luke_593,Mov_727_political,Management might may song news.,7,Medio
Pokemon_Melissa_780,Mov_728_either,Value its however.,12,Largo
Pokemon_Stephanie_456,Mov_729_none,Whom would line suggest art nature.,4,Corto
Pokemon_Melissa_183,Mov_730_purpose,Mouth season radio grow.,8,Corto
Pokemon_Vicki_228,Mov_731_chance,Relate century run art role letter charge.,10,Largo
Pokemon_Deborah_543,Mov_732_home,Adult also line industry debate rest.,2,Corto
Pokemon_Robert_322,Mov_733_create,Star position part something.,15,Largo
Pokemon_Matthew_22,Mov_734_still,Small structure heart street receive theory.,1,Medio
Pokemon_Tiffany_943,Mov_735_message,Personal reality issue product.,7,Corto
Pokemon_Jermaine_57,Mov_736_agent,Book beautiful natural consumer anyone.,2,Medio
Pokemon_Joy_944,Mov_737_professor,Financial week why professional his within chair beat.,15,Largo
Pokemon_Jason_300,Mov_738_debate,Program half despite school fine short prove.,8,Largo
Pokemon_Kenneth_930,Mov_739_seem,Produce Congress strategy point.,1,Largo
Pokemon_Emily_961,Mov_740_it,Follow create too beat.,5,Corto
Pokemon_John_842,Mov_741_perhaps,Prevent around should summer recognize year grow note.,14,Medio
Pokemon_Lauren_207,Mov_742_there,Office just enter.,1,Corto
Pokemon_Derrick_346,Mov_743_staff,Available thought fire deal few benefit gun.,6,Corto
Pokemon_Jesse_43,Mov_744_course,American authority after pretty determine century.,12,Medio
Pokemon_Jessica_606,Mov_745_stuff,This process high purpose including finally mouth.,5,Largo
Pokemon_Erika_69,Mov_746_perhaps,Easy word short usually anything pay fast moment.,1,Medio
Pokemon_Joseph_243,Mov_747_star,Wrong heavy large suggest.,13,Corto
Pokemon_Richard_139,Mov_748_green,Power tell bit idea they.,9,Largo
Pokemon_Shannon_481,Mov_749_note,Know break travel evidence sport role discuss.,13,Corto
Pokemon_Jasmine_648,Mov_750_state,Similar page including option.,8,Medio
Pokemon_Micheal_535,Mov_751_bring,Who management shake nature order play behind short.,7,Medio
Pokemon_Connie_149,Mov_752_trip,Relationship claim level according response add world.,7,Corto
Pokemon_Rachel_230,Mov_753_attack,Need treat loss son might.,10,Largo
Pokemon_Chase_490,Mov_754_old,South answer day food young check foreign at.,2,Largo
Pokemon_Jacob_153,Mov_755_Mrs,So rock street rate special go face.,8,Largo
Pokemon_Kimberly_677,Mov_756_hair,Rest drug add generation enjoy.,11,Medio
Pokemon_Angela_437,Mov_757_main,Couple describe amount federal fire newspaper.,8,Medio
Pokemon_Ashlee_265,Mov_758_also,So often particularly experience sport out rise.,15,Largo
Pokemon_Marilyn_55,Mov_759_exactly,Industry concern onto another down area throughout.,13,Corto
Pokemon_Yvette_488,Mov_760_discover,Wear build step indicate.,8,Medio
Pokemon_Kimberly_194,Mov_761_energy,Large process of gun money point.,3,Largo
Pokemon_Mary_787,Mov_762_production,Act low what top write office plant because.,3,Medio
Pokemon_Travis_361,Mov_763_me,Ask perhaps any.,11,Medio
Pokemon_Tanya_991,Mov_764_water,Everyone himself risk marriage song never.,11,Medio
Pokemon_Holly_894,Mov_765_however,Ask newspaper hotel next.,4,Medio
Pokemon_Elaine_198,Mov_766_that,In Mr late blood something dog between.,3,Largo
Pokemon_Lori_871,Mov_767_better,White which time project the sometimes increase wonder.,8,Medio
Pokemon_Cole_213,Mov_768_place,Whatever thing generation strategy event.,15,Medio
Pokemon_Anthony_628,Mov_769_eat,Say anything fish case.,11,Medio
Pokemon_Mary_787,Mov_770_rather,Factor sometimes stock power.,8,Corto
Pokemon_Emily_961,Mov_771_budget,Test market open sure play tell.,5,Largo
Pokemon_Roger_979,Mov_772_service,Question do skin data right yard body.,8,Medio
Pokemon_Brandon_399,Mov_773_region,Score color book audience summer.,6,Largo
Pokemon_Diane_202,Mov_774_themselves,Language that dream tax former itself.,12,Largo
Pokemon_Jeremy_641,Mov_775_recognize,Interview view boy keep that foot word.,5,Corto
Pokemon_Monica_834,Mov_776_market,Water network tell require spend.,10,Largo
Pokemon_Heather_818,Mov_777_girl,Man rate threat crime company.,15,Corto
Pokemon_Tony_683,Mov_778_population,Art against lot report.,5,Medio
Pokemon_Jacob_153,Mov_779_on,Security hospital perhaps.,11,Medio
Pokemon_Charles_937,Mov_780_reach,Own add moment.,7,Corto
Pokemon_Tiffany_181,Mov_781_old,Visit significant try.,14,Corto
Pokemon_Crystal_273,Mov_782_opportunity,Describe several development allow notice difference their.,12,Medio
Pokemon_Lindsay_42,Mov_783_him,Think newspaper buy Mr bill.,2,Medio
Pokemon_Roberta_401,Mov_784_argue,Should growth cut police fly TV kitchen attack.,5,Largo
Pokemon_Victoria_630,Mov_785_book,Certain coach born event dinner.,13,Medio
Pokemon_Christina_654,Mov_786_job,Course some partner public.,3,Corto
Pokemon_William_18,Mov_787_common,On type area study I.,7,Medio
Pokemon_Gail_260,Mov_788_suggest,Money activity necessary spend area alone.,3,Largo
Pokemon_Angela_542,Mov_789_work,Interesting write item school.,1,Corto
Pokemon_Austin_136,Mov_790_its,Expect shoulder more speak.,11,Largo
Pokemon_Peter_529,Mov_791_dinner,Into discuss long product set Congress.,13,Corto
Pokemon_Misty_942,Mov_792_specific,Character such issue authority occur tree network.,5,Corto
Pokemon_Joseph_557,Mov_793_member,Method worry similar plant pass maybe walk.,5,Corto
Pokemon_Cory_513,Mov_794_open,Around game there others modern.,15,Corto
Pokemon_Timothy_71,Mov_795_small,Those mouth save management deep along.,10,Medio
Pokemon_Elaine_198,Mov_796_mention,Store away prepare kind too one.,2,Largo
Pokemon_Michael_726,Mov_797_beat,Avoid general money environmental southern play tree.,14,Medio
Pokemon_Rachel_434,Mov_798_return,Address face friend against.,11,Medio
Pokemon_Andre_951,Mov_799_poor,Response model from character woman.,10,Corto
Pokemon_Sarah_232,Mov_800_walk,Book through anything mouth.,12,Largo
Pokemon_Curtis_602,Mov_801_close,Difficult south exactly challenge.,8,Largo
Pokemon_Stephanie_411,Mov_802_particularly,Tell establish wear society.,12,Largo
Pokemon_James_632,Mov_803_box,Avoid experience seem matter democratic civil.,9,Largo
Pokemon_Dalton_539,Mov_804_use,Condition argue top impact soon world.,7,Corto
Pokemon_Brian_220,Mov_805_half,Leave pull lose Democrat none mouth able visit.,13,Corto
Pokemon_Dawn_896,Mov_806_face,Itself answer although those score line benefit.,13,Medio
Pokemon_James_823,Mov_807_enter,Radio school smile recently.,8,Corto
Pokemon_Gloria_859,Mov_808_home,Cultural mention field woman.,7,Largo
Pokemon_Albert_754,Mov_809_grow,Character travel since gun teacher system every.,9,Largo
Pokemon_James_538,Mov_810_miss,Available raise soon sister ball little begin claim.,8,Medio
Pokemon_Jennifer_275,Mov_811_simply,Each job start.,4,Medio
Pokemon_James_719,Mov_812_once,Interview anything citizen effect allow offer employee.,15,Medio
Pokemon_Monica_30,Mov_813_exist,Miss call book.,9,Corto
Pokemon_Kimberly_677,Mov_814_message,Deep him energy theory similar.,11,Largo
Pokemon_Derek_119,Mov_815_guess,Opportunity memory laugh million.,12,Largo
Pokemon_Kathy_680,Mov_816_set,Think human else truth artist old include them.,10,Corto
Pokemon_Brian_220,Mov_817_every,Cold agent skin majority look attack live ten.,12,Corto
Pokemon_Lonnie_634,Mov_818_activity,Call travel other probably sound at like.,15,Medio
Pokemon_Vincent_393,Mov_819_cultural,Back this summer one respond film friend.,15,Medio
Pokemon_Daniel_262,Mov_820_similar,Film face consider off.,10,Medio
Pokemon_Jodi_327,Mov_821_method,Season senior many daughter support much.,11,Largo
Pokemon_Kari_803,Mov_822_which,Voice yard government suffer.,12,Corto
Pokemon_Heather_600,Mov_823_ability,West base some sea investment for almost than.,14,Largo
Pokemon_Andrew_276,Mov_824_high,Third goal summer court thought painting.,1,Largo
Pokemon_Karen_371,Mov_825_common,Region ask rise.,12,Corto
Pokemon_Kevin_161,Mov_826_able,Discover relate girl family eight focus friend.,2,Largo
Pokemon_Melissa_992,Mov_827_seat,Too cell to government.,3,Medio
Pokemon_Mary_787,Mov_828_trade,Also who may.,10,Corto
Pokemon_Selena_936,Mov_829_entire,South pay make.,1,Corto
Pokemon_Brandon_368,Mov_830_week,Industry coach send development.,14,Corto
Pokemon_Heather_124,Mov_831_firm,Method car put message recently.,14,Corto
Pokemon_Daniel_262,Mov_832_until,Speech his go wife.,2,Largo
Pokemon_Ryan_813,Mov_833_fight,Show market think agent.,2,Corto
Pokemon_April_50,Mov_834_husband,Little several marriage soldier meet.,2,Medio
Pokemon_Jermaine_57,Mov_835_threat,Whether get agreement leg.,12,Medio
Pokemon_Justin_810,Mov_836_pass,Far federal economy how candidate way democratic.,15,Largo
Pokemon_Curtis_602,Mov_837_pick,Sister challenge sort road everyone throughout.,1,Largo
Pokemon_James_280,Mov_838_positive,Body third choice bad measure care.,14,Medio
Pokemon_Luis_612,Mov_839_summer,Have decade take.,9,Corto
Pokemon_Sharon_439,Mov_840_base,Guess during carry sell season.,5,Corto
Pokemon_Theresa_934,Mov_841_probably,Add affect fund hear.,8,Corto
Pokemon_Jessica_235,Mov_842_check,Within he assume any might clear.,1,Medio
Pokemon_Roberta_401,Mov_843_bank,Information different yes fast soldier.,2,Medio
Pokemon_Matthew_422,Mov_844_hundred,Onto close alone improve.,10,Medio
Pokemon_Christopher_898,Mov_845_lose,Discuss third lead several.,12,Medio
Pokemon_Nicholas_408,Mov_846_effect,Can each beautiful tough sort.,12,Largo
Pokemon_Tammy_25,Mov_847_get,Interest week will grow according move agreement.,4,Medio
Pokemon_Tara_268,Mov_848_special,Modern nor focus expert environment coach trouble.,6,Corto
Pokemon_Gina_138,Mov_849_memory,Travel through draw officer why rock benefit.,1,Corto
Pokemon_Robert_715,Mov_850_the,Child seat memory lay here.,14,Medio
Pokemon_Melissa_644,Mov_851_piece,Contain coach crime boy may north ground.,2,Largo
Pokemon_Jordan_127,Mov_852_across,Nothing old before maintain somebody worker bill.,9,Largo
Pokemon_John_289,Mov_853_soon,Health even drug forward by drive.,13,Medio
Pokemon_Brianna_193,Mov_854_a,Must blue likely low.,15,Corto
Pokemon_April_109,Mov_855_some,Certainly stuff attorney effort simple education state according.,5,Largo
Pokemon_Angel_197,Mov_856_president,South sister girl lead knowledge late pretty role.,10,Corto
Pokemon_Melissa_523,Mov_857_those,Especially college should moment exactly.,6,Medio
Pokemon_Tiffany_26,Mov_858_who,Dark through law push find none.,5,Medio
Pokemon_Selena_799,Mov_859_magazine,Show result third and item produce late.,1,Medio
Pokemon_Darryl_669,Mov_860_decision,Crime fine where administration customer into.,8,Medio
Pokemon_Robin_253,Mov_861_research,Its second analysis manager ability particular citizen.,1,Medio
Pokemon_Anthony_145,Mov_862_civil,Nation leader range I even north.,2,Largo
Pokemon_Kelli_31,Mov_863_here,Act career without camera home discussion continue.,4,Medio
Pokemon_Heather_124,Mov_864_star,Night president address factor those money home.,8,Medio
Pokemon_Christopher_856,Mov_865_western,Huge culture cut raise sport administration.,3,Largo
Pokemon_Alexander_507,Mov_866_federal,For game employee decide mean international.,1,Largo
Pokemon_Angel_546,Mov_867_enjoy,Attorney attack still today animal however hard.,14,Largo
Pokemon_Ann_241,Mov_868_last,Small before four claim rather item.,2,Medio
Pokemon_Alexis_237,Mov_869_now,Million product Congress their size.,12,Largo
Pokemon_Mary_928,Mov_870_choice,Compare never fight current.,8,Medio
Pokemon_Angela_542,Mov_871_improve,Site unit ability production two.,10,Medio
Pokemon_Jonathan_899,Mov_872_factor,Evening good skill.,14,Corto
Pokemon_Thomas_428,Mov_873_right,Off value performance tough growth.,12,Medio
Pokemon_Rachel_963,Mov_874_put,Pay staff agent sense arm tend account.,14,Largo
Pokemon_Lucas_579,Mov_875_few,Speech production practice.,9,Largo
Pokemon_Jeremiah_359,Mov_876_anything,Economic that within simple.,14,Medio
Pokemon_Monica_633,Mov_877_meet,High bank other get relationship join interesting social.,14,Medio
Pokemon_Kristina_66,Mov_878_before,Throw plant song think reason conference community over.,8,Corto
Pokemon_Lawrence_206,Mov_879_administration,Black short husband apply knowledge.,5,Medio
Pokemon_Miguel_443,Mov_880_clearly,Hand skin tough mouth walk main guess.,3,Medio
Pokemon_Daniel_767,Mov_881_leg,Speak his business must speech foreign man.,8,Largo
Pokemon_Paul_846,Mov_882_mean,Source share current he.,1,Medio
Pokemon_Jessica_158,Mov_883_chance,Kind citizen together idea sea.,5,Medio
Pokemon_Emily_961,Mov_884_live,Industry attorney him manage create happy space future.,11,Largo
Pokemon_Matthew_377,Mov_885_talk,Agency plant star usually wear.,4,Largo
Pokemon_Denise_379,Mov_886_though,President down example or.,5,Medio
Pokemon_Emily_961,Mov_887_key,Ok project week special city fund ready.,6,Largo
Pokemon_Richard_303,Mov_888_follow,Purpose manage husband follow network bed book.,6,Corto
Pokemon_Mary_787,Mov_889_chair,Music prepare control.,1,Largo
Pokemon_Jennifer_836,Mov_890_pull,Newspaper enough federal customer amount.,14,Corto
Pokemon_Kelsey_67,Mov_891_late,Fly I network nation attention spend.,8,Corto
Pokemon_Tammy_25,Mov_892_really,Plant share fire.,10,Medio
Pokemon_Eric_517,Mov_893_attention,Choice city force at worker of hundred.,11,Largo
Pokemon_Susan_14,Mov_894_recognize,During both right hit manager.,14,Corto
Pokemon_Jessica_267,Mov_895_spend,Here peace water amount nice.,3,Largo
Pokemon_Sarah_914,Mov_896_always,Effort join edge make growth individual.,8,Medio
Pokemon_Brittney_694,Mov_897_nothing,Pass sign voice daughter add table.,15,Largo
Pokemon_Jerry_357,Mov_898_election,Research ten somebody program prove situation language.,11,Largo
Pokemon_Angela_12,Mov_899_front,Eat coach would once citizen.,11,Largo
Pokemon_Phillip_845,Mov_900_since,Happy whether series wait could me often.,2,Largo
Pokemon_David_496,Mov_901_stay,Power practice admit.,6,Corto
Pokemon_Anna_285,Mov_902_long,Long as wall support read window office.,12,Medio
Pokemon_Tammy_596,Mov_903_place,Increase free member citizen range together.,14,Largo
Pokemon_Jason_284,Mov_904_he,Option investment couple serve.,11,Corto
Pokemon_Brenda_453,Mov_905_specific,Sure ever field her move heart whole.,5,Medio
Pokemon_Todd_924,Mov_906_simple,Quite professional can just identify sell.,14,Corto
Pokemon_Larry_337,Mov_907_voice,Effort practice knowledge wear.,8,Largo
Pokemon_Deborah_543,Mov_908_once,Beat compare summer north.,4,Medio
Pokemon_Lauren_687,Mov_909_nothing,Also training than market.,7,Corto
Pokemon_Kelly_477,Mov_910_quality,Minute require test general base blood me.,11,Corto
Pokemon_Brianna_710,Mov_911_teacher,Ago animal west account subject those along save.,7,Medio
Pokemon_Deborah_304,Mov_912_property,Big prevent through spring establish fill why.,8,Largo
Pokemon_Benjamin_340,Mov_913_right,Rule change positive region letter.,14,Medio
Pokemon_Anthony_255,Mov_914_edge,Pretty stuff success yet true by.,15,Corto
Pokemon_Anna_703,Mov_915_laugh,Process continue debate center.,7,Medio
Pokemon_Mary_787,Mov_916_trip,Fill like reach involve threat.,7,Medio
Pokemon_Jessica_838,Mov_917_during,Focus lawyer prepare expert power.,6,Medio
Pokemon_Alan_970,Mov_918_board,Imagine there certainly.,8,Medio
Pokemon_Monica_30,Mov_919_mean,Evidence artist sure western industry already type within.,9,Corto
Pokemon_Kevin_161,Mov_920_attention,Ball today physical character.,5,Corto
Pokemon_Nicholas_796,Mov_921_great,Personal little kitchen throw Mr talk moment.,14,Medio
Pokemon_Jill_929,Mov_922_campaign,Strong then much article.,13,Largo
Pokemon_Carmen_948,Mov_923_think,Sit may food certainly.,11,Corto
Pokemon_Ryan_9,Mov_924_future,Need west rest trip skill.,2,Corto
Pokemon_Briana_485,Mov_925_door,Pass or again hotel type already.,8,Medio
Pokemon_Jonathan_440,Mov_926_wide,Its few outside lose remember exactly old.,4,Largo
Pokemon_Timothy_533,Mov_927_more,Set politics those kind suffer food.,1,Largo
Pokemon_Laura_637,Mov_928_special,History break rate technology talk factor.,8,Medio
Pokemon_Frederick_83,Mov_929_laugh,Trial seem light method serve.,15,Corto
Pokemon_Judith_417,Mov_930_toward,Nor office not cup.,7,Corto
Pokemon_Frank_775,Mov_931_lawyer,That anything stage purpose mission himself.,3,Largo
Pokemon_Michael_726,Mov_932_themselves,Third former miss team executive Republican parent.,4,Medio
Pokemon_Adam_819,Mov_933_shake,Table crime imagine professional especially rich Mrs.,2,Largo
Pokemon_Susan_51,Mov_934_reason,Yard during method recently later music daughter.,1,Largo
Pokemon_Maria_498,Mov_935_plan,Join remember very music source story.,6,Largo
Pokemon_Kristopher_298,Mov_936_contain,Without but wind reveal far.,9,Largo
Pokemon_Samantha_65,Mov_937_poor,Likely any training something music.,14,Corto
Pokemon_Jessica_731,Mov_938_school,Debate seat break method know job money oil.,9,Medio
Pokemon_Jeffrey_509,Mov_939_during,Seem begin up compare.,7,Corto
Pokemon_Joy_944,Mov_940_return,Really executive benefit alone.,12,Corto
Pokemon_Katelyn_646,Mov_941_bring,Network mission green Republican.,13,Medio
Pokemon_David_373,Mov_942_eye,Consumer though worker least likely down not.,14,Medio
Pokemon_Randy_154,Mov_943_maintain,Speak ahead white old.,10,Corto
Pokemon_Nicholas_796,Mov_944_major,Nature brother firm family.,4,Medio
Pokemon_Curtis_499,Mov_945_voice,Task watch within fire glass campaign.,9,Largo
Pokemon_Danielle_977,Mov_946_machine,Might positive drive space.,9,Corto
Pokemon_Angela_711,Mov_947_task,Together build value.,15,Largo
Pokemon_Kelly_477,Mov_948_away,Find quite political thank early.,13,Largo
Pokemon_Matthew_24,Mov_949_kind,Property policy least.,10,Corto
Pokemon_Kimberly_677,Mov_950_market,Represent itself agree interest land me student.,1,Medio
Pokemon_Michael_690,Mov_951_mention,Space camera she.,2,Corto
Pokemon_Sandra_447,Mov_952_model,Force any least wait community structure reduce.,1,Corto
Pokemon_Angela_711,Mov_953_senior,Language mind recent spend power both none.,10,Corto
Pokemon_Dalton_539,Mov_954_value,Bar especially house cost.,3,Medio
Pokemon_Brianna_193,Mov_955_media,All effort return create particular.,5,Corto
Pokemon_Kari_803,Mov_956_floor,Thank everything before admit be.,7,Corto
Pokemon_Jonathan_749,Mov_957_pay,Walk floor responsibility shake media choose talk eat.,13,Corto
Pokemon_Jacqueline_952,Mov_958_fact,Provide notice forward easy order.,4,Corto
Pokemon_Kevin_931,Mov_959_strong,Tell could movement drug around.,11,Corto
Pokemon_David_431,Mov_960_over,Drug actually when newspaper station child.,10,Largo
Pokemon_Robin_335,Mov_961_entire,Contain suddenly something consider listen house.,9,Medio
Pokemon_David_658,Mov_962_staff,Mouth really radio trip on.,10,Corto
Pokemon_Shelby_277,Mov_963_career,Sit middle available painting bit administration.,1,Medio
Pokemon_Elizabeth_470,Mov_964_government,Present happy fire consider social.,9,Corto
Pokemon_Jeremy_641,Mov_965_former,Then arm cover score wind cause edge.,12,Medio
Pokemon_Joseph_144,Mov_966_body,Entire last firm hour well analysis travel foreign.,8,Corto
Pokemon_Kristen_294,Mov_967_physical,Reach say your program experience find power training.,5,Medio
Pokemon_Chelsea_984,Mov_968_city,Over call notice you once group language.,2,Medio
Pokemon_Mark_113,Mov_969_risk,Hand lead including building human weight property thus.,13,Corto
Pokemon_Daniel_262,Mov_970_include,Have product ask us prepare create.,13,Medio
Pokemon_Robert_34,Mov_971_move,Personal card network.,8,Medio
Pokemon_Ricardo_259,Mov_972_especially,Become customer plan glass newspaper unit.,13,Medio
Pokemon_Michael_68,Mov_973_culture,Act similar plant century enter answer me.,7,Largo
Pokemon_Michael_129,Mov_974_skin,Provide Mrs debate base finish.,6,Corto
Pokemon_Shelby_215,Mov_975_institution,Serious that create piece.,15,Medio
Pokemon_Robert_582,Mov_976_value,Test police page through rich.,13,Corto
Pokemon_Allison_185,Mov_977_sing,Left society everybody believe hundred.,6,Corto
Pokemon_Adam_28,Mov_978_low,Key far college arm.,11,Corto
Pokemon_Stephanie_212,Mov_979_our,Land prove must factor.,14,Medio
Pokemon_Rachel_478,Mov_980_effect,Again dinner concern top.,4,Corto
Pokemon_Colin_218,Mov_981_easy,Range budget offer usually me many TV that.,12,Largo
Pokemon_Grace_844,Mov_982_president,Friend sense again worker send stuff.,15,Medio
Pokemon_Melanie_957,Mov_983_campaign,Step several make difficult throughout.,13,Medio
Pokemon_Brenda_913,Mov_984_so,Discussion walk manager woman remain admit.,6,Corto
Pokemon_Heather_124,Mov_985_pass,System avoid listen continue student its.,11,Medio
Pokemon_Kimberly_372,Mov_986_nice,Country office say any cut moment thank pick.,5,Corto
Pokemon_Yvonne_765,Mov_987_political,Walk professor investment.,14,Medio
Pokemon_Phillip_301,Mov_988_east,Child able pretty outside see.,14,Medio
Pokemon_Aaron_640,Mov_989_ahead,Myself watch series interesting throw where.,2,Largo
Pokemon_Adam_800,Mov_990_ok,Radio majority nice interest.,7,Medio
Pokemon_Angela_430,Mov_991_enter,Country analysis far land exactly.,11,Corto
Pokemon_Destiny_782,Mov_992_group,Avoid accept ready lay call.,2,Corto
Pokemon_Maria_504,Mov_993_box,Economic become create open drug describe recently.,15,Corto
Pokemon_Robert_261,Mov_994_condition,Certain ask fire necessary.,10,Corto
Pokemon_Jacqueline_313,Mov_995_over,Method mention career set water catch direction event.,15,Medio
Pokemon_Peggy_774,Mov_996_probably,Claim bring these.,8,Largo
Pokemon_Julie_855,Mov_997_often,Without dark heart paper.,10,Corto
Pokemon_Kimberly_190,Mov_998_create,Trial open show recent commercial can under allow.,15,Medio
Pokemon_Jodi_327,Mov_999_particularly,Outside born support letter husband society no.,7,Medio
