nombre,rol,tipo_de_ataque,rango_de_ataque
Pokemon_Robert_0,Apoyo,Físico,Medio
Pokemon_Alejandro_1,Defensor,Especial,Medio
Pokemon_Mandy_2,Atacante,Especial,Largo
Pokemon_Kenneth_3,Todo Terreno,Mixto,Corto
Pokemon_Miguel_4,Defensor,Físico,Corto
Pokemon_James_5,Defensor,Físico,Largo
Pokemon_Ashlee_6,Atacante,Físico,Medio
Pokemon_Evan_7,Velocista,Mixto,Corto
Pokemon_David_8,Apoyo,Físico,Medio
Pokemon_Ryan_9,Atacante,Mixto,Largo
Pokemon_Anna_10,Apoyo,Físico,Medio
Pokemon_Grant_11,Apoyo,Mixto,Corto
Pokemon_Angela_12,Apoyo,Mixto,Medio
Pokemon_Michael_13,Todo Terreno,Especial,Largo
Pokemon_Susan_14,Apoyo,Especial,Medio
Pokemon_Christopher_15,Velocista,Físico,Corto
Pokemon_Tiffany_16,Todo Terreno,Físico,Medio
Pokemon_Robert_17,Defensor,Especial,Largo
Pokemon_William_18,Todo Terreno,Mixto,Largo
Pokemon_Eddie_19,Velocista,Especial,Medio
Pokemon_Jennifer_20,Atacante,Especial,Largo
Pokemon_James_21,Apoyo,Físico,Corto
Pokemon_Matthew_22,Defensor,Mixto,Medio
Pokemon_Andrew_23,Defensor,Especial,Corto
Pokemon_Matthew_24,Apoyo,Mixto,Medio
Pokemon_Tammy_25,Defensor,Físico,Largo
Pokemon_Tiffany_26,Defensor,Mixto,Medio
Pokemon_Julie_27,Atacante,Especial,Largo
Pokemon_Adam_28,Atacante,Mixto,Medio
Pokemon_Shelby_29,Velocista,Mixto,Largo
Pokemon_Monica_30,Atacante,Físico,Medio
Pokemon_Kelli_31,Velocista,Mixto,Largo
Pokemon_Harold_32,Velocista,Especial,Largo
Pokemon_Cory_33,Atacante,Físico,Medio
Pokemon_Robert_34,Defensor,Físico,Medio
Pokemon_Nicole_35,Defensor,Especial,Largo
Pokemon_Belinda_36,Todo Terreno,Mixto,Corto
Pokemon_Jill_37,Velocista,Especial,Medio
Pokemon_Jesse_38,Todo Terreno,Mixto,Corto
Pokemon_Alexandra_39,Todo Terreno,Mixto,Medio
Pokemon_Jenna_40,Velocista,Especial,Corto
Pokemon_Mallory_41,Defensor,Especial,Largo
Pokemon_Lindsay_42,Apoyo,Físico,Medio
Pokemon_Jesse_43,Velocista,Mixto,Medio
Pokemon_Morgan_44,Velocista,Mixto,Corto
Pokemon_Javier_45,Velocista,Especial,Corto
Pokemon_Laurie_46,Todo Terreno,Físico,Corto
Pokemon_Angela_47,Apoyo,Mixto,Medio
Pokemon_Jacob_48,Defensor,Físico,Largo
Pokemon_Brianna_49,Atacante,Físico,Medio
Pokemon_April_50,Atacante,Mixto,Corto
Pokemon_Susan_51,Todo Terreno,Físico,Corto
Pokemon_Bob_52,Velocista,Físico,Largo
Pokemon_Frank_53,Defensor,Especial,Largo
Pokemon_Tonya_54,Velocista,Especial,Medio
Pokemon_Marilyn_55,Defensor,Mixto,Corto
Pokemon_Edward_56,Velocista,Especial,Corto
Pokemon_Jermaine_57,Atacante,Especial,Medio
Pokemon_Amber_58,Todo Terreno,Especial,Corto
Pokemon_Eric_59,Defensor,Físico,Largo
Pokemon_Mario_60,Todo Terreno,Físico,Medio
Pokemon_Brandon_61,Apoyo,Especial,Largo
Pokemon_Jennifer_62,Atacante,Físico,Medio
Pokemon_Christian_63,Todo Terreno,Mixto,Medio
Pokemon_Virginia_64,Defensor,Especial,Largo
Pokemon_Samantha_65,Atacante,Especial,Medio
Pokemon_Kristina_66,Apoyo,Mixto,Medio
Pokemon_Kelsey_67,Atacante,Especial,Corto
Pokemon_Michael_68,Todo Terreno,Especial,Medio
Pokemon_Erika_69,Velocista,Especial,Medio
Pokemon_Kathleen_70,Defensor,Especial,Largo
Pokemon_Timothy_71,Apoyo,Físico,Corto
Pokemon_Bryan_72,Atacante,Físico,Corto
Pokemon_Connie_73,Velocista,Físico,Largo
Pokemon_Mark_74,Velocista,Físico,Largo
Pokemon_Chelsea_75,Velocista,Mixto,Corto
Pokemon_Robert_76,Defensor,Físico,Largo
Pokemon_Stephanie_77,Velocista,Especial,Corto
Pokemon_James_78,Atacante,Mixto,Largo
Pokemon_Kayla_79,Defensor,Físico,Largo
Pokemon_Holly_80,Defensor,Mixto,Corto
Pokemon_Angela_81,Todo Terreno,Mixto,Medio
Pokemon_Christopher_82,Apoyo,Físico,Largo
Pokemon_Frederick_83,Atacante,Especial,Largo
Pokemon_Tammy_84,Todo Terreno,Mixto,Corto
Pokemon_Jerry_85,Todo Terreno,Físico,Largo
Pokemon_Frank_86,Apoyo,Especial,Medio
Pokemon_Keith_87,Todo Terreno,Físico,Largo
Pokemon_Amanda_88,Defensor,Especial,Largo
Pokemon_April_89,Atacante,Físico,Corto
Pokemon_Aaron_90,Atacante,Físico,Medio
Pokemon_Aaron_91,Atacante,Físico,Largo
Pokemon_Tyler_92,Atacante,Especial,Corto
Pokemon_Jack_93,Defensor,Mixto,Medio
Pokemon_Cathy_94,Defensor,Mixto,Largo
Pokemon_Lauren_95,Defensor,Físico,Medio
Pokemon_Cody_96,Atacante,Especial,Largo
Pokemon_William_97,Defensor,Mixto,Corto
Pokemon_Richard_98,Atacante,Mixto,Largo
Pokemon_Krystal_99,Atacante,Físico,Corto
Pokemon_Stephanie_100,Apoyo,Especial,Largo
Pokemon_Robert_101,Defensor,Físico,Medio
Pokemon_John_102,Velocista,Mixto,Largo
Pokemon_Natalie_103,Atacante,Especial,Largo
Pokemon_Anthony_104,Atacante,Físico,Largo
Pokemon_Mark_105,Velocista,Físico,Corto
Pokemon_Ralph_106,Apoyo,Físico,Corto
Pokemon_Gregory_107,Velocista,Especial,Corto
Pokemon_Erin_108,Defensor,Especial,Corto
Pokemon_April_109,Defensor,Físico,Corto
Pokemon_John_110,Defensor,Mixto,Corto
Pokemon_Robert_111,Velocista,Físico,Medio
Pokemon_Heather_112,Defensor,Físico,Corto
Pokemon_Mark_113,Todo Terreno,Especial,Medio
Pokemon_Carlos_114,Defensor,Físico,Largo
Pokemon_Steven_115,Defensor,Físico,Medio
Pokemon_James_116,Atacante,Mixto,Medio
Pokemon_Christine_117,Defensor,Físico,Largo
Pokemon_James_118,Velocista,Especial,Medio
Pokemon_Derek_119,Velocista,Especial,Corto
Pokemon_Patricia_120,Apoyo,Especial,Corto
Pokemon_Mark_121,Defensor,Mixto,Largo
Pokemon_Kelly_122,Defensor,Especial,Corto
Pokemon_Amanda_123,Todo Terreno,Especial,Medio
Pokemon_Heather_124,Todo Terreno,Mixto,Medio
Pokemon_Emily_125,Atacante,Físico,Largo
Pokemon_Lauren_126,Velocista,Físico,Medio
Pokemon_Jordan_127,Apoyo,Especial,Medio
Pokemon_Ronald_128,Todo Terreno,Mixto,Largo
Pokemon_Michael_129,Atacante,Físico,Largo
Pokemon_Zachary_130,Todo Terreno,Especial,Medio
Pokemon_Audrey_131,Todo Terreno,Especial,Medio
Pokemon_Crystal_132,Todo Terreno,Mixto,Medio
Pokemon_Carlos_133,Velocista,Físico,Largo
Pokemon_Nathan_134,Atacante,Mixto,Corto
Pokemon_Jeanette_135,Apoyo,Mixto,Medio
Pokemon_Austin_136,Velocista,Mixto,Medio
Pokemon_Julie_137,Defensor,Mixto,Largo
Pokemon_Gina_138,Atacante,Mixto,Medio
Pokemon_Richard_139,Todo Terreno,Mixto,Corto
Pokemon_Shane_140,Apoyo,Físico,Corto
Pokemon_Joseph_141,Todo Terreno,Mixto,Medio
Pokemon_Jo_142,Defensor,Especial,Corto
Pokemon_Timothy_143,Apoyo,Especial,Largo
Pokemon_Joseph_144,Atacante,Físico,Largo
Pokemon_Anthony_145,Atacante,Especial,Largo
Pokemon_Michael_146,Velocista,Especial,Largo
Pokemon_Samantha_147,Defensor,Mixto,Medio
Pokemon_Erica_148,Velocista,Físico,Corto
Pokemon_Connie_149,Velocista,Especial,Medio
Pokemon_Sarah_150,Apoyo,Físico,Largo
Pokemon_Anthony_151,Todo Terreno,Mixto,Medio
Pokemon_Carrie_152,Atacante,Físico,Medio
Pokemon_Jacob_153,Apoyo,Mixto,Largo
Pokemon_Randy_154,Todo Terreno,Físico,Largo
Pokemon_Hunter_155,Velocista,Mixto,Largo
Pokemon_Michael_156,Defensor,Físico,Largo
Pokemon_Rachel_157,Apoyo,Físico,Largo
Pokemon_Jessica_158,Velocista,Especial,Medio
Pokemon_Meghan_159,Defensor,Físico,Corto
Pokemon_Charles_160,Defensor,Físico,Corto
Pokemon_Kevin_161,Defensor,Especial,Largo
Pokemon_Kristen_162,Defensor,Físico,Largo
Pokemon_Billy_163,Todo Terreno,Especial,Corto
Pokemon_Jake_164,Defensor,Especial,Corto
Pokemon_Christopher_165,Todo Terreno,Mixto,Medio
Pokemon_Lisa_166,Apoyo,Especial,Corto
Pokemon_Jesse_167,Defensor,Mixto,Largo
Pokemon_Roger_168,Defensor,Mixto,Medio
Pokemon_Alexander_169,Todo Terreno,Especial,Largo
Pokemon_Daniel_170,Apoyo,Especial,Medio
Pokemon_Willie_171,Atacante,Especial,Largo
Pokemon_Lacey_172,Velocista,Especial,Medio
Pokemon_Matthew_173,Velocista,Mixto,Corto
Pokemon_Luis_174,Apoyo,Especial,Medio
Pokemon_Billy_175,Atacante,Físico,Largo
Pokemon_Cory_176,Defensor,Mixto,Largo
Pokemon_Eddie_177,Defensor,Mixto,Medio
Pokemon_Jamie_178,Velocista,Físico,Corto
Pokemon_Ashley_179,Todo Terreno,Físico,Largo
Pokemon_Michael_180,Todo Terreno,Mixto,Largo
Pokemon_Tiffany_181,Defensor,Especial,Medio
Pokemon_Justin_182,Defensor,Mixto,Corto
Pokemon_Melissa_183,Velocista,Especial,Medio
Pokemon_Christopher_184,Atacante,Mixto,Medio
Pokemon_Allison_185,Atacante,Especial,Corto
Pokemon_Andrea_186,Atacante,Mixto,Corto
Pokemon_Diane_187,Velocista,Mixto,Largo
Pokemon_Robert_188,Todo Terreno,Especial,Largo
Pokemon_Alexandria_189,Apoyo,Físico,Corto
Pokemon_Kimberly_190,Apoyo,Mixto,Largo
Pokemon_Edward_191,Atacante,Mixto,Corto
Pokemon_Amanda_192,Atacante,Mixto,Largo
Pokemon_Brianna_193,Atacante,Mixto,Medio
Pokemon_Kimberly_194,Atacante,Físico,Corto
Pokemon_Frank_195,Todo Terreno,Mixto,Largo
Pokemon_Robert_196,Atacante,Mixto,Largo
Pokemon_Angel_197,Atacante,Especial,Largo
Pokemon_Elaine_198,Velocista,Especial,Largo
Pokemon_Miranda_199,Velocista,Mixto,Corto
Pokemon_Michael_200,Atacante,Especial,Largo
Pokemon_Lisa_201,Velocista,Mixto,Corto
Pokemon_Diane_202,Velocista,Físico,Medio
Pokemon_Andre_203,Todo Terreno,Mixto,Corto
Pokemon_Thomas_204,Todo Terreno,Especial,Medio
Pokemon_Brandon_205,Apoyo,Físico,Corto
Pokemon_Lawrence_206,Defensor,Especial,Largo
Pokemon_Lauren_207,Apoyo,Especial,Largo
Pokemon_David_208,Defensor,Mixto,Medio
Pokemon_Annette_209,Velocista,Físico,Medio
Pokemon_Brian_210,Apoyo,Físico,Largo
Pokemon_Daniel_211,Velocista,Mixto,Corto
Pokemon_Stephanie_212,Atacante,Físico,Medio
Pokemon_Cole_213,Defensor,Físico,Largo
Pokemon_Grant_214,Atacante,Mixto,Medio
Pokemon_Shelby_215,Apoyo,Físico,Corto
Pokemon_Kyle_216,Atacante,Físico,Medio
Pokemon_Jay_217,Atacante,Especial,Largo
Pokemon_Colin_218,Atacante,Físico,Medio
Pokemon_Victor_219,Todo Terreno,Mixto,Corto
Pokemon_Brian_220,Atacante,Mixto,Medio
Pokemon_Jeffrey_221,Apoyo,Físico,Largo
Pokemon_Jeffrey_222,Defensor,Físico,Corto
Pokemon_Julie_223,Velocista,Físico,Corto
Pokemon_Fernando_224,Apoyo,Físico,Medio
Pokemon_Brianna_225,Atacante,Físico,Largo
Pokemon_John_226,Todo Terreno,Especial,Medio
Pokemon_Victoria_227,Todo Terreno,Especial,Medio
Pokemon_Vicki_228,Todo Terreno,Especial,Largo
Pokemon_Sandra_229,Todo Terreno,Físico,Largo
Pokemon_Rachel_230,Apoyo,Físico,Largo
Pokemon_Angela_231,Apoyo,Físico,Largo
Pokemon_Sarah_232,Atacante,Físico,Medio
Pokemon_Danielle_233,Velocista,Especial,Largo
Pokemon_Erik_234,Apoyo,Mixto,Largo
Pokemon_Jessica_235,Todo Terreno,Mixto,Medio
Pokemon_Melinda_236,Atacante,Especial,Corto
Pokemon_Alexis_237,Todo Terreno,Mixto,Medio
Pokemon_James_238,Defensor,Especial,Largo
Pokemon_Kristen_239,Apoyo,Mixto,Largo
Pokemon_Kayla_240,Velocista,Especial,Corto
Pokemon_Ann_241,Velocista,Especial,Largo
Pokemon_David_242,Velocista,Mixto,Medio
Pokemon_Joseph_243,Atacante,Mixto,Largo
Pokemon_Joe_244,Apoyo,Físico,Medio
Pokemon_Tina_245,Atacante,Especial,Medio
Pokemon_Jeremiah_246,Apoyo,Físico,Largo
Pokemon_Mitchell_247,Velocista,Físico,Medio
Pokemon_Hannah_248,Defensor,Especial,Largo
Pokemon_Elizabeth_249,Defensor,Físico,Largo
Pokemon_Anna_250,Velocista,Especial,Largo
Pokemon_Debra_251,Defensor,Especial,Medio
Pokemon_Michelle_252,Atacante,Físico,Medio
Pokemon_Robin_253,Defensor,Especial,Largo
Pokemon_Daniel_254,Apoyo,Físico,Corto
Pokemon_Anthony_255,Atacante,Mixto,Medio
Pokemon_Robin_256,Apoyo,Físico,Medio
Pokemon_Renee_257,Defensor,Mixto,Corto
Pokemon_Micheal_258,Todo Terreno,Mixto,Largo
Pokemon_Ricardo_259,Todo Terreno,Especial,Medio
Pokemon_Gail_260,Atacante,Mixto,Largo
Pokemon_Robert_261,Velocista,Físico,Medio
Pokemon_Daniel_262,Defensor,Mixto,Medio
Pokemon_John_263,Apoyo,Físico,Largo
Pokemon_Kevin_264,Apoyo,Físico,Corto
Pokemon_Ashlee_265,Atacante,Físico,Corto
Pokemon_George_266,Todo Terreno,Especial,Largo
Pokemon_Jessica_267,Atacante,Físico,Largo
Pokemon_Tara_268,Defensor,Físico,Corto
Pokemon_Paul_269,Todo Terreno,Físico,Medio
Pokemon_Ashley_270,Apoyo,Físico,Largo
Pokemon_Daisy_271,Defensor,Mixto,Medio
Pokemon_Lauren_272,Velocista,Especial,Largo
Pokemon_Crystal_273,Todo Terreno,Especial,Largo
Pokemon_Zachary_274,Todo Terreno,Especial,Corto
Pokemon_Jennifer_275,Apoyo,Especial,Medio
Pokemon_Andrew_276,Atacante,Mixto,Medio
Pokemon_Shelby_277,Velocista,Especial,Corto
Pokemon_Rachel_278,Defensor,Especial,Largo
Pokemon_Heather_279,Atacante,Mixto,Corto
Pokemon_James_280,Velocista,Mixto,Largo
Pokemon_Connie_281,Apoyo,Mixto,Largo
Pokemon_Anthony_282,Defensor,Mixto,Largo
Pokemon_Raymond_283,Apoyo,Físico,Largo
Pokemon_Jason_284,Atacante,Especial,Largo
Pokemon_Anna_285,Velocista,Físico,Largo
Pokemon_John_286,Velocista,Especial,Largo
Pokemon_Christopher_287,Todo Terreno,Físico,Corto
Pokemon_Laura_288,Todo Terreno,Mixto,Largo
Pokemon_John_289,Todo Terreno,Especial,Corto
Pokemon_Anita_290,Atacante,Mixto,Medio
Pokemon_Allen_291,Velocista,Mixto,Corto
Pokemon_Anna_292,Velocista,Mixto,Corto
Pokemon_Kristina_293,Todo Terreno,Físico,Medio
Pokemon_Kristen_294,Atacante,Físico,Largo
Pokemon_Mark_295,Atacante,Especial,Corto
Pokemon_David_296,Todo Terreno,Mixto,Largo
Pokemon_Chelsea_297,Velocista,Físico,Largo
Pokemon_Kristopher_298,Velocista,Mixto,Corto
Pokemon_Justin_299,Defensor,Físico,Largo
Pokemon_Jason_300,Apoyo,Especial,Largo
Pokemon_Phillip_301,Todo Terreno,Especial,Largo
Pokemon_Evelyn_302,Velocista,Físico,Largo
Pokemon_Richard_303,Apoyo,Especial,Largo
Pokemon_Deborah_304,Apoyo,Mixto,Corto
Pokemon_Jessica_305,Todo Terreno,Especial,Medio
Pokemon_Lisa_306,Defensor,Mixto,Medio
Pokemon_Ashley_307,Atacante,Mixto,Largo
Pokemon_Veronica_308,Atacante,Físico,Largo
Pokemon_Wayne_309,Atacante,Físico,Medio
Pokemon_Amanda_310,Todo Terreno,Especial,Corto
Pokemon_Dominique_311,Defensor,Mixto,Medio
Pokemon_Teresa_312,Todo Terreno,Especial,Corto
Pokemon_Jacqueline_313,Defensor,Mixto,Medio
Pokemon_Sabrina_314,Apoyo,Físico,Medio
Pokemon_Eric_315,Apoyo,Físico,Largo
Pokemon_Robert_316,Apoyo,Mixto,Corto
Pokemon_Jade_317,Apoyo,Mixto,Corto
Pokemon_Jessica_318,Atacante,Físico,Medio
Pokemon_Maria_319,Defensor,Mixto,Largo
Pokemon_Joseph_320,Atacante,Físico,Corto
Pokemon_Leroy_321,Velocista,Especial,Corto
Pokemon_Robert_322,Velocista,Mixto,Corto
Pokemon_Philip_323,Defensor,Mixto,Medio
Pokemon_Christopher_324,Todo Terreno,Físico,Medio
Pokemon_Peter_325,Apoyo,Mixto,Medio
Pokemon_Dawn_326,Atacante,Especial,Medio
Pokemon_Jodi_327,Velocista,Mixto,Largo
Pokemon_Jerry_328,Atacante,Especial,Corto
Pokemon_Christine_329,Atacante,Físico,Medio
Pokemon_Karen_330,Defensor,Físico,Corto
Pokemon_Eric_331,Todo Terreno,Especial,Medio
Pokemon_Alexis_332,Atacante,Físico,Largo
Pokemon_Ethan_333,Todo Terreno,Mixto,Medio
Pokemon_Erika_334,Apoyo,Físico,Corto
Pokemon_Robin_335,Atacante,Físico,Medio
Pokemon_Paul_336,Defensor,Mixto,Corto
Pokemon_Larry_337,Apoyo,Especial,Medio
Pokemon_Courtney_338,Todo Terreno,Especial,Corto
Pokemon_Leslie_339,Todo Terreno,Especial,Corto
Pokemon_Benjamin_340,Velocista,Físico,Corto
Pokemon_John_341,Atacante,Físico,Medio
Pokemon_Caroline_342,Velocista,Físico,Medio
Pokemon_Stephen_343,Todo Terreno,Mixto,Largo
Pokemon_Michael_344,Velocista,Especial,Largo
Pokemon_Philip_345,Apoyo,Físico,Largo
Pokemon_Derrick_346,Apoyo,Mixto,Largo
Pokemon_Katrina_347,Defensor,Especial,Medio
Pokemon_Nathaniel_348,Apoyo,Especial,Largo
Pokemon_Hannah_349,Velocista,Mixto,Corto
Pokemon_Ashley_350,Todo Terreno,Especial,Medio
Pokemon_Rachel_351,Defensor,Físico,Medio
Pokemon_Laura_352,Apoyo,Físico,Largo
Pokemon_David_353,Todo Terreno,Especial,Corto
Pokemon_Shannon_354,Velocista,Mixto,Largo
Pokemon_Alex_355,Todo Terreno,Especial,Medio
Pokemon_Kari_356,Todo Terreno,Especial,Largo
Pokemon_Jerry_357,Velocista,Especial,Corto
Pokemon_Tiffany_358,Atacante,Especial,Corto
Pokemon_Jeremiah_359,Todo Terreno,Especial,Largo
Pokemon_William_360,Velocista,Mixto,Medio
Pokemon_Travis_361,Defensor,Especial,Corto
Pokemon_Margaret_362,Apoyo,Mixto,Medio
Pokemon_Brooke_363,Velocista,Mixto,Largo
Pokemon_Nicole_364,Todo Terreno,Mixto,Corto
Pokemon_Luis_365,Velocista,Físico,Corto
Pokemon_Connor_366,Atacante,Mixto,Corto
Pokemon_Jacob_367,Velocista,Físico,Largo
Pokemon_Brandon_368,Atacante,Mixto,Largo
Pokemon_Jasmine_369,Velocista,Mixto,Largo
Pokemon_Gina_370,Atacante,Mixto,Corto
Pokemon_Karen_371,Todo Terreno,Especial,Largo
Pokemon_Kimberly_372,Velocista,Mixto,Medio
Pokemon_David_373,Todo Terreno,Físico,Medio
Pokemon_Caleb_374,Apoyo,Mixto,Corto
Pokemon_Donna_375,Defensor,Físico,Largo
Pokemon_Aaron_376,Apoyo,Mixto,Medio
Pokemon_Matthew_377,Todo Terreno,Especial,Medio
Pokemon_Briana_378,Velocista,Físico,Largo
Pokemon_Denise_379,Defensor,Especial,Medio
Pokemon_Christina_380,Todo Terreno,Mixto,Largo
Pokemon_Stacy_381,Atacante,Físico,Largo
Pokemon_Theresa_382,Velocista,Especial,Medio
Pokemon_Lance_383,Apoyo,Físico,Largo
Pokemon_Leslie_384,Defensor,Físico,Largo
Pokemon_Andrew_385,Defensor,Especial,Largo
Pokemon_David_386,Velocista,Mixto,Medio
Pokemon_Samuel_387,Defensor,Físico,Medio
Pokemon_Darlene_388,Atacante,Mixto,Corto
Pokemon_Joe_389,Atacante,Especial,Largo
Pokemon_Cory_390,Apoyo,Mixto,Largo
Pokemon_Gail_391,Todo Terreno,Físico,Largo
Pokemon_Emily_392,Defensor,Especial,Corto
Pokemon_Vincent_393,Atacante,Mixto,Corto
Pokemon_Donald_394,Defensor,Mixto,Corto
Pokemon_James_395,Defensor,Físico,Medio
Pokemon_Joseph_396,Defensor,Físico,Medio
Pokemon_Melissa_397,Todo Terreno,Físico,Corto
Pokemon_Sara_398,Apoyo,Especial,Medio
Pokemon_Brandon_399,Apoyo,Especial,Medio
Pokemon_Sharon_400,Atacante,Mixto,Largo
Pokemon_Roberta_401,Todo Terreno,Mixto,Medio
Pokemon_Laura_402,Todo Terreno,Mixto,Largo
Pokemon_Jesus_403,Defensor,Mixto,Largo
Pokemon_Tammy_404,Todo Terreno,Especial,Largo
Pokemon_Lindsey_405,Apoyo,Especial,Medio
Pokemon_Donald_406,Apoyo,Físico,Medio
Pokemon_Barry_407,Velocista,Especial,Corto
Pokemon_Nicholas_408,Velocista,Físico,Largo
Pokemon_Bethany_409,Velocista,Físico,Corto
Pokemon_Angel_410,Velocista,Físico,Largo
Pokemon_Stephanie_411,Velocista,Especial,Largo
Pokemon_Emily_412,Atacante,Mixto,Largo
Pokemon_Zachary_413,Velocista,Mixto,Medio
Pokemon_Travis_414,Atacante,Especial,Corto
Pokemon_Daniel_415,Velocista,Especial,Corto
Pokemon_Julie_416,Atacante,Mixto,Corto
Pokemon_Judith_417,Atacante,Mixto,Largo
Pokemon_Andrew_418,Apoyo,Físico,Medio
Pokemon_Lindsay_419,Atacante,Mixto,Largo
Pokemon_Michael_420,Velocista,Especial,Medio
Pokemon_Sarah_421,Apoyo,Físico,Corto
Pokemon_Matthew_422,Todo Terreno,Especial,Corto
Pokemon_Jason_423,Apoyo,Especial,Largo
Pokemon_James_424,Defensor,Especial,Corto
Pokemon_Martin_425,Apoyo,Físico,Largo
Pokemon_Chad_426,Todo Terreno,Mixto,Largo
Pokemon_Francisco_427,Velocista,Mixto,Corto
Pokemon_Thomas_428,Velocista,Especial,Corto
Pokemon_Andrea_429,Atacante,Físico,Medio
Pokemon_Angela_430,Todo Terreno,Mixto,Largo
Pokemon_David_431,Apoyo,Mixto,Largo
Pokemon_Angel_432,Velocista,Especial,Medio
Pokemon_Dwayne_433,Defensor,Mixto,Medio
Pokemon_Rachel_434,Apoyo,Mixto,Medio
Pokemon_Derek_435,Todo Terreno,Físico,Corto
Pokemon_Gabriela_436,Atacante,Físico,Medio
Pokemon_Angela_437,Atacante,Físico,Medio
Pokemon_Carol_438,Apoyo,Físico,Corto
Pokemon_Sharon_439,Apoyo,Mixto,Medio
Pokemon_Jonathan_440,Atacante,Físico,Medio
Pokemon_Jacqueline_441,Velocista,Especial,Largo
Pokemon_Zachary_442,Velocista,Mixto,Corto
Pokemon_Miguel_443,Apoyo,Mixto,Medio
Pokemon_Richard_444,Velocista,Especial,Medio
Pokemon_James_445,Velocista,Especial,Largo
Pokemon_Craig_446,Defensor,Especial,Medio
Pokemon_Sandra_447,Todo Terreno,Físico,Largo
Pokemon_Danielle_448,Atacante,Físico,Largo
Pokemon_Geoffrey_449,Atacante,Especial,Largo
Pokemon_Linda_450,Atacante,Especial,Medio
Pokemon_Jack_451,Atacante,Físico,Medio
Pokemon_Eileen_452,Defensor,Mixto,Medio
Pokemon_Brenda_453,Defensor,Especial,Medio
Pokemon_Laura_454,Defensor,Físico,Medio
Pokemon_Robert_455,Todo Terreno,Físico,Corto
Pokemon_Stephanie_456,Atacante,Mixto,Largo
Pokemon_Jennifer_457,Todo Terreno,Físico,Largo
Pokemon_Shane_458,Velocista,Especial,Largo
Pokemon_David_459,Todo Terreno,Físico,Largo
Pokemon_Jonathan_460,Apoyo,Físico,Corto
Pokemon_David_461,Todo Terreno,Especial,Corto
Pokemon_Adriana_462,Defensor,Físico,Corto
Pokemon_Linda_463,Defensor,Mixto,Corto
Pokemon_Judy_464,Todo Terreno,Mixto,Medio
Pokemon_Dana_465,Todo Terreno,Especial,Corto
Pokemon_Ronald_466,Velocista,Mixto,Largo
Pokemon_Joshua_467,Defensor,Especial,Medio
Pokemon_Linda_468,Apoyo,Especial,Medio
Pokemon_Emily_469,Velocista,Físico,Largo
Pokemon_Elizabeth_470,Apoyo,Físico,Largo
Pokemon_Angela_471,Velocista,Físico,Corto
Pokemon_Krystal_472,Apoyo,Físico,Medio
Pokemon_Brianna_473,Defensor,Especial,Corto
Pokemon_Jose_474,Velocista,Mixto,Corto
Pokemon_Nathaniel_475,Atacante,Físico,Corto
Pokemon_Kyle_476,Atacante,Físico,Largo
Pokemon_Kelly_477,Defensor,Físico,Corto
Pokemon_Rachel_478,Defensor,Especial,Medio
Pokemon_Jennifer_479,Atacante,Mixto,Corto
Pokemon_Christina_480,Atacante,Especial,Largo
Pokemon_Shannon_481,Atacante,Especial,Medio
Pokemon_Todd_482,Apoyo,Especial,Medio
Pokemon_Daniel_483,Apoyo,Físico,Corto
Pokemon_Thomas_484,Atacante,Mixto,Largo
Pokemon_Briana_485,Todo Terreno,Especial,Largo
Pokemon_Michael_486,Todo Terreno,Mixto,Largo
Pokemon_William_487,Apoyo,Especial,Medio
Pokemon_Yvette_488,Velocista,Físico,Corto
Pokemon_Robin_489,Todo Terreno,Especial,Largo
Pokemon_Chase_490,Atacante,Mixto,Corto
Pokemon_Sophia_491,Velocista,Mixto,Largo
Pokemon_Laura_492,Todo Terreno,Físico,Largo
Pokemon_Lisa_493,Velocista,Físico,Corto
Pokemon_Linda_494,Defensor,Especial,Corto
Pokemon_Jason_495,Velocista,Físico,Largo
Pokemon_David_496,Defensor,Físico,Corto
Pokemon_Dawn_497,Todo Terreno,Mixto,Corto
Pokemon_Maria_498,Defensor,Mixto,Largo
Pokemon_Curtis_499,Defensor,Especial,Corto
Pokemon_Alexis_500,Defensor,Mixto,Medio
Pokemon_Stacey_501,Velocista,Especial,Medio
Pokemon_Renee_502,Velocista,Mixto,Corto
Pokemon_Jose_503,Apoyo,Mixto,Corto
Pokemon_Maria_504,Velocista,Mixto,Medio
Pokemon_Kenneth_505,Velocista,Físico,Medio
Pokemon_Mckenzie_506,Atacante,Mixto,Medio
Pokemon_Alexander_507,Atacante,Mixto,Corto
Pokemon_Charlene_508,Todo Terreno,Físico,Medio
Pokemon_Jeffrey_509,Atacante,Físico,Corto
Pokemon_Cynthia_510,Todo Terreno,Especial,Corto
Pokemon_Anthony_511,Defensor,Físico,Largo
Pokemon_Deborah_512,Atacante,Especial,Medio
Pokemon_Cory_513,Defensor,Mixto,Largo
Pokemon_Scott_514,Atacante,Mixto,Corto
Pokemon_Chad_515,Velocista,Mixto,Corto
Pokemon_Patrick_516,Apoyo,Físico,Medio
Pokemon_Eric_517,Atacante,Mixto,Corto
Pokemon_Mark_518,Apoyo,Físico,Medio
Pokemon_Terrence_519,Apoyo,Especial,Corto
Pokemon_Donna_520,Apoyo,Especial,Medio
Pokemon_Cynthia_521,Defensor,Especial,Largo
Pokemon_Alexandra_522,Apoyo,Físico,Medio
Pokemon_Melissa_523,Defensor,Especial,Corto
Pokemon_Robert_524,Velocista,Especial,Largo
Pokemon_Douglas_525,Todo Terreno,Físico,Largo
Pokemon_Gina_526,Atacante,Especial,Largo
Pokemon_Michael_527,Atacante,Mixto,Corto
Pokemon_Sarah_528,Atacante,Especial,Medio
Pokemon_Peter_529,Defensor,Especial,Medio
Pokemon_Alexander_530,Defensor,Especial,Corto
Pokemon_Maurice_531,Apoyo,Físico,Medio
Pokemon_Susan_532,Atacante,Mixto,Corto
Pokemon_Timothy_533,Atacante,Especial,Medio
Pokemon_Mackenzie_534,Todo Terreno,Especial,Corto
Pokemon_Micheal_535,Todo Terreno,Físico,Largo
Pokemon_Charlene_536,Todo Terreno,Mixto,Medio
Pokemon_Charles_537,Todo Terreno,Mixto,Medio
Pokemon_James_538,Velocista,Mixto,Largo
Pokemon_Dalton_539,Apoyo,Mixto,Corto
Pokemon_Richard_540,Defensor,Especial,Corto
Pokemon_Marcus_541,Velocista,Físico,Largo
Pokemon_Angela_542,Defensor,Mixto,Corto
Pokemon_Deborah_543,Apoyo,Mixto,Largo
Pokemon_John_544,Atacante,Especial,Largo
Pokemon_Joseph_545,Apoyo,Físico,Largo
Pokemon_Angel_546,Atacante,Especial,Corto
Pokemon_David_547,Apoyo,Físico,Medio
Pokemon_Patrick_548,Todo Terreno,Físico,Medio
Pokemon_Rachel_549,Atacante,Físico,Largo
Pokemon_Jacob_550,Defensor,Físico,Medio
Pokemon_Ricky_551,Defensor,Especial,Corto
Pokemon_Alexander_552,Todo Terreno,Especial,Medio
Pokemon_Brianna_553,Velocista,Físico,Medio
Pokemon_Robert_554,Atacante,Físico,Corto
Pokemon_Mark_555,Defensor,Mixto,Corto
Pokemon_Peter_556,Atacante,Especial,Largo
Pokemon_Joseph_557,Apoyo,Mixto,Corto
Pokemon_Ricky_558,Defensor,Físico,Corto
Pokemon_Jack_559,Velocista,Mixto,Medio
Pokemon_Jennifer_560,Velocista,Físico,Medio
Pokemon_Sarah_561,Defensor,Especial,Medio
Pokemon_Rebecca_562,Velocista,Especial,Medio
Pokemon_Michael_563,Defensor,Físico,Largo
Pokemon_Alexander_564,Atacante,Físico,Corto
Pokemon_Kayla_565,Atacante,Físico,Corto
Pokemon_Steven_566,Velocista,Físico,Medio
Pokemon_Amy_567,Todo Terreno,Físico,Corto
Pokemon_Diana_568,Defensor,Físico,Medio
Pokemon_Lisa_569,Velocista,Mixto,Medio
Pokemon_April_570,Apoyo,Físico,Largo
Pokemon_Ryan_571,Apoyo,Físico,Medio
Pokemon_David_572,Defensor,Especial,Corto
Pokemon_Bobby_573,Apoyo,Especial,Largo
Pokemon_Gabriel_574,Apoyo,Especial,Corto
Pokemon_Eric_575,Atacante,Mixto,Largo
Pokemon_Shelley_576,Todo Terreno,Especial,Corto
Pokemon_Ashley_577,Defensor,Físico,Medio
Pokemon_Anthony_578,Defensor,Mixto,Medio
Pokemon_Lucas_579,Atacante,Mixto,Medio
Pokemon_Robert_580,Velocista,Especial,Corto
Pokemon_Mary_581,Defensor,Mixto,Medio
Pokemon_Robert_582,Defensor,Físico,Corto
Pokemon_Amy_583,Atacante,Físico,Largo
Pokemon_Joseph_584,Todo Terreno,Físico,Medio
Pokemon_Marcus_585,Defensor,Especial,Medio
Pokemon_Christopher_586,Apoyo,Físico,Corto
Pokemon_Krista_587,Atacante,Especial,Medio
Pokemon_Tracy_588,Atacante,Especial,Largo
Pokemon_Jessica_589,Velocista,Mixto,Largo
Pokemon_Ashley_590,Atacante,Especial,Corto
Pokemon_Christopher_591,Atacante,Mixto,Largo
Pokemon_Joseph_592,Defensor,Mixto,Largo
Pokemon_Luke_593,Atacante,Especial,Corto
Pokemon_Krista_594,Velocista,Especial,Largo
Pokemon_Michael_595,Apoyo,Físico,Largo
Pokemon_Tammy_596,Apoyo,Físico,Largo
Pokemon_Laura_597,Defensor,Mixto,Corto
Pokemon_Hannah_598,Todo Terreno,Especial,Corto
Pokemon_Amanda_599,Velocista,Especial,Medio
Pokemon_Heather_600,Velocista,Mixto,Medio
Pokemon_Matthew_601,Defensor,Mixto,Medio
Pokemon_Curtis_602,Atacante,Mixto,Largo
Pokemon_Michele_603,Todo Terreno,Mixto,Largo
Pokemon_Stephen_604,Todo Terreno,Físico,Medio
Pokemon_Susan_605,Todo Terreno,Físico,Medio
Pokemon_Jessica_606,Todo Terreno,Físico,Medio
Pokemon_Autumn_607,Todo Terreno,Físico,Corto
Pokemon_Ronald_608,Apoyo,Especial,Medio
Pokemon_Gina_609,Velocista,Mixto,Corto
Pokemon_John_610,Velocista,Especial,Corto
Pokemon_Michael_611,Todo Terreno,Físico,Medio
Pokemon_Luis_612,Defensor,Especial,Medio
Pokemon_Lori_613,Todo Terreno,Físico,Medio
Pokemon_Stephanie_614,Defensor,Mixto,Largo
Pokemon_Colton_615,Todo Terreno,Físico,Medio
Pokemon_Angel_616,Apoyo,Mixto,Corto
Pokemon_Michael_617,Apoyo,Mixto,Medio
Pokemon_Felicia_618,Atacante,Especial,Medio
Pokemon_Samuel_619,Apoyo,Mixto,Medio
Pokemon_Kathleen_620,Defensor,Mixto,Corto
Pokemon_Tammy_621,Todo Terreno,Físico,Medio
Pokemon_Elizabeth_622,Defensor,Especial,Largo
Pokemon_Elizabeth_623,Atacante,Mixto,Medio
Pokemon_Douglas_624,Atacante,Mixto,Medio
Pokemon_Brenda_625,Velocista,Físico,Largo
Pokemon_Courtney_626,Atacante,Especial,Corto
Pokemon_James_627,Velocista,Mixto,Largo
Pokemon_Anthony_628,Apoyo,Mixto,Corto
Pokemon_Erika_629,Velocista,Especial,Medio
Pokemon_Victoria_630,Atacante,Especial,Medio
Pokemon_Deborah_631,Velocista,Físico,Medio
Pokemon_James_632,Todo Terreno,Físico,Medio
Pokemon_Monica_633,Atacante,Especial,Medio
Pokemon_Lonnie_634,Defensor,Físico,Largo
Pokemon_Matthew_635,Atacante,Físico,Medio
Pokemon_Lisa_636,Atacante,Especial,Medio
Pokemon_Laura_637,Atacante,Mixto,Medio
Pokemon_Sarah_638,Todo Terreno,Mixto,Corto
Pokemon_Nicole_639,Todo Terreno,Mixto,Largo
Pokemon_Aaron_640,Velocista,Físico,Corto
Pokemon_Jeremy_641,Apoyo,Especial,Medio
Pokemon_Brandi_642,Velocista,Especial,Medio
Pokemon_Jesse_643,Velocista,Mixto,Corto
Pokemon_Melissa_644,Atacante,Especial,Corto
Pokemon_Jill_645,Velocista,Físico,Corto
Pokemon_Katelyn_646,Defensor,Físico,Medio
Pokemon_Sherry_647,Velocista,Físico,Medio
Pokemon_Jasmine_648,Velocista,Especial,Corto
Pokemon_Tabitha_649,Atacante,Mixto,Corto
Pokemon_Steven_650,Todo Terreno,Físico,Largo
Pokemon_Derek_651,Defensor,Mixto,Corto
Pokemon_Zachary_652,Atacante,Mixto,Largo
Pokemon_Stacy_653,Defensor,Especial,Largo
Pokemon_Christina_654,Defensor,Físico,Medio
Pokemon_Marco_655,Velocista,Físico,Corto
Pokemon_Corey_656,Velocista,Físico,Largo
Pokemon_Dennis_657,Todo Terreno,Mixto,Corto
Pokemon_David_658,Atacante,Mixto,Corto
Pokemon_Jennifer_659,Velocista,Mixto,Corto
Pokemon_Mark_660,Atacante,Especial,Medio
Pokemon_Ryan_661,Todo Terreno,Especial,Medio
Pokemon_Theresa_662,Todo Terreno,Especial,Corto
Pokemon_Martin_663,Apoyo,Físico,Largo
Pokemon_Desiree_664,Defensor,Mixto,Corto
Pokemon_Michael_665,Todo Terreno,Mixto,Medio
Pokemon_Paul_666,Velocista,Especial,Corto
Pokemon_Ronald_667,Velocista,Físico,Corto
Pokemon_Sean_668,Defensor,Físico,Largo
Pokemon_Darryl_669,Velocista,Mixto,Largo
Pokemon_Darlene_670,Velocista,Mixto,Corto
Pokemon_Angela_671,Atacante,Físico,Corto
Pokemon_Daniel_672,Todo Terreno,Mixto,Largo
Pokemon_Terri_673,Velocista,Físico,Corto
Pokemon_Valerie_674,Apoyo,Físico,Medio
Pokemon_Joshua_675,Velocista,Físico,Medio
Pokemon_Matthew_676,Todo Terreno,Especial,Largo
Pokemon_Kimberly_677,Apoyo,Físico,Largo
Pokemon_William_678,Todo Terreno,Especial,Largo
Pokemon_Ashley_679,Atacante,Físico,Largo
Pokemon_Kathy_680,Defensor,Físico,Largo
Pokemon_Karen_681,Defensor,Físico,Largo
Pokemon_Joseph_682,Todo Terreno,Especial,Corto
Pokemon_Tony_683,Velocista,Físico,Largo
Pokemon_Lisa_684,Apoyo,Especial,Corto
Pokemon_Nicole_685,Velocista,Especial,Medio
Pokemon_Michelle_686,Velocista,Especial,Medio
Pokemon_Lauren_687,Velocista,Mixto,Largo
Pokemon_Dominique_688,Apoyo,Físico,Corto
Pokemon_Anthony_689,Apoyo,Mixto,Corto
Pokemon_Michael_690,Atacante,Físico,Largo
Pokemon_Jenna_691,Velocista,Especial,Largo
Pokemon_John_692,Apoyo,Mixto,Corto
Pokemon_Bryan_693,Velocista,Especial,Largo
Pokemon_Brittney_694,Apoyo,Físico,Medio
Pokemon_Kayla_695,Atacante,Especial,Largo
Pokemon_Wendy_696,Velocista,Mixto,Corto
Pokemon_Jessica_697,Velocista,Mixto,Medio
Pokemon_Shane_698,Defensor,Mixto,Largo
Pokemon_Antonio_699,Velocista,Mixto,Corto
Pokemon_Erin_700,Velocista,Mixto,Medio
Pokemon_Patricia_701,Atacante,Físico,Medio
Pokemon_April_702,Apoyo,Mixto,Medio
Pokemon_Anna_703,Defensor,Mixto,Corto
Pokemon_Christopher_704,Defensor,Físico,Corto
Pokemon_Manuel_705,Todo Terreno,Mixto,Largo
Pokemon_Brittany_706,Todo Terreno,Especial,Corto
Pokemon_Leah_707,Defensor,Mixto,Medio
Pokemon_Mark_708,Apoyo,Mixto,Corto
Pokemon_Marie_709,Atacante,Especial,Largo
Pokemon_Brianna_710,Defensor,Físico,Medio
Pokemon_Angela_711,Todo Terreno,Físico,Medio
Pokemon_James_712,Apoyo,Físico,Medio
Pokemon_Heather_713,Defensor,Especial,Medio
Pokemon_Derrick_714,Todo Terreno,Físico,Medio
Pokemon_Robert_715,Apoyo,Especial,Largo
Pokemon_Olivia_716,Defensor,Mixto,Medio
Pokemon_Miranda_717,Defensor,Mixto,Largo
Pokemon_Shirley_718,Velocista,Mixto,Medio
Pokemon_James_719,Atacante,Mixto,Corto
Pokemon_Rebecca_720,Velocista,Especial,Medio
Pokemon_Taylor_721,Velocista,Físico,Corto
Pokemon_Frank_722,Todo Terreno,Especial,Medio
Pokemon_Peggy_723,Todo Terreno,Mixto,Corto
Pokemon_Stephanie_724,Defensor,Especial,Corto
Pokemon_Teresa_725,Atacante,Especial,Largo
Pokemon_Michael_726,Todo Terreno,Físico,Medio
Pokemon_Jeffrey_727,Atacante,Físico,Medio
Pokemon_Sandy_728,Velocista,Mixto,Medio
Pokemon_Jennifer_729,Todo Terreno,Mixto,Corto
Pokemon_Sara_730,Defensor,Físico,Corto
Pokemon_Jessica_731,Defensor,Mixto,Corto
Pokemon_Tracey_732,Velocista,Físico,Corto
Pokemon_Jessica_733,Todo Terreno,Mixto,Corto
Pokemon_Lori_734,Velocista,Físico,Medio
Pokemon_Sandra_735,Todo Terreno,Especial,Corto
Pokemon_Russell_736,Atacante,Físico,Corto
Pokemon_Samantha_737,Atacante,Especial,Medio
Pokemon_Robert_738,Velocista,Mixto,Largo
Pokemon_Susan_739,Todo Terreno,Mixto,Medio
Pokemon_Amber_740,Todo Terreno,Mixto,Corto
Pokemon_Danielle_741,Velocista,Especial,Corto
Pokemon_Alec_742,Velocista,Mixto,Largo
Pokemon_Matthew_743,Todo Terreno,Físico,Largo
Pokemon_Joshua_744,Todo Terreno,Mixto,Medio
Pokemon_Alexander_745,Velocista,Físico,Medio
Pokemon_Lawrence_746,Apoyo,Físico,Largo
Pokemon_Jonathan_747,Defensor,Mixto,Corto
Pokemon_Daniel_748,Todo Terreno,Mixto,Medio
Pokemon_Jonathan_749,Apoyo,Especial,Largo
Pokemon_Michelle_750,Defensor,Mixto,Medio
Pokemon_Jason_751,Atacante,Mixto,Largo
Pokemon_Holly_752,Todo Terreno,Físico,Largo
Pokemon_Victoria_753,Defensor,Físico,Largo
Pokemon_Albert_754,Atacante,Físico,Corto
Pokemon_Jennifer_755,Atacante,Físico,Medio
Pokemon_Dennis_756,Todo Terreno,Físico,Medio
Pokemon_Jack_757,Defensor,Mixto,Corto
Pokemon_Kyle_758,Apoyo,Físico,Corto
Pokemon_Samantha_759,Atacante,Especial,Medio
Pokemon_Nancy_760,Atacante,Especial,Largo
Pokemon_Christopher_761,Defensor,Físico,Corto
Pokemon_Kristy_762,Defensor,Especial,Largo
Pokemon_Christopher_763,Defensor,Físico,Largo
Pokemon_Michael_764,Atacante,Físico,Largo
Pokemon_Yvonne_765,Todo Terreno,Físico,Medio
Pokemon_Nichole_766,Apoyo,Mixto,Corto
Pokemon_Daniel_767,Velocista,Físico,Corto
Pokemon_Ashley_768,Atacante,Físico,Largo
Pokemon_Robert_769,Defensor,Físico,Corto
Pokemon_Emily_770,Velocista,Especial,Medio
Pokemon_Michele_771,Velocista,Especial,Medio
Pokemon_Angela_772,Defensor,Especial,Corto
Pokemon_Sarah_773,Apoyo,Especial,Medio
Pokemon_Peggy_774,Atacante,Mixto,Medio
Pokemon_Frank_775,Velocista,Físico,Corto
Pokemon_Brian_776,Velocista,Mixto,Largo
Pokemon_James_777,Todo Terreno,Mixto,Corto
Pokemon_William_778,Todo Terreno,Especial,Corto
Pokemon_Heather_779,Apoyo,Especial,Medio
Pokemon_Melissa_780,Apoyo,Especial,Medio
Pokemon_Jessica_781,Todo Terreno,Especial,Corto
Pokemon_Destiny_782,Todo Terreno,Mixto,Corto
Pokemon_Carolyn_783,Todo Terreno,Especial,Medio
Pokemon_Destiny_784,Atacante,Físico,Corto
Pokemon_Ricardo_785,Velocista,Mixto,Corto
Pokemon_Elizabeth_786,Apoyo,Especial,Corto
Pokemon_Mary_787,Defensor,Especial,Largo
Pokemon_Melissa_788,Atacante,Físico,Largo
Pokemon_Jennifer_789,Velocista,Especial,Medio
Pokemon_Emma_790,Velocista,Mixto,Medio
Pokemon_Charles_791,Atacante,Especial,Corto
Pokemon_Mark_792,Defensor,Físico,Largo
Pokemon_Stanley_793,Apoyo,Físico,Corto
Pokemon_Kurt_794,Apoyo,Físico,Medio
Pokemon_James_795,Todo Terreno,Mixto,Corto
Pokemon_Nicholas_796,Defensor,Físico,Medio
Pokemon_Martha_797,Todo Terreno,Mixto,Corto
Pokemon_Joseph_798,Defensor,Mixto,Corto
Pokemon_Selena_799,Velocista,Físico,Largo
Pokemon_Adam_800,Apoyo,Físico,Corto
Pokemon_Robert_801,Apoyo,Especial,Largo
Pokemon_Jennifer_802,Velocista,Especial,Medio
Pokemon_Kari_803,Todo Terreno,Especial,Corto
Pokemon_Alexander_804,Defensor,Especial,Corto
Pokemon_Darius_805,Velocista,Físico,Corto
Pokemon_Chad_806,Velocista,Especial,Medio
Pokemon_Annette_807,Apoyo,Físico,Medio
Pokemon_Cody_808,Velocista,Físico,Largo
Pokemon_Randy_809,Apoyo,Físico,Corto
Pokemon_Justin_810,Todo Terreno,Especial,Largo
Pokemon_Curtis_811,Velocista,Mixto,Medio
Pokemon_Nicholas_812,Todo Terreno,Físico,Corto
Pokemon_Ryan_813,Velocista,Físico,Largo
Pokemon_Beth_814,Atacante,Especial,Medio
Pokemon_Michael_815,Velocista,Mixto,Medio
Pokemon_Casey_816,Velocista,Físico,Corto
Pokemon_Mark_817,Atacante,Mixto,Largo
Pokemon_Heather_818,Velocista,Mixto,Largo
Pokemon_Adam_819,Atacante,Especial,Largo
Pokemon_Alejandra_820,Velocista,Físico,Medio
Pokemon_Andrew_821,Apoyo,Físico,Corto
Pokemon_Michelle_822,Todo Terreno,Físico,Corto
Pokemon_James_823,Atacante,Mixto,Medio
Pokemon_Amanda_824,Apoyo,Físico,Largo
Pokemon_Christopher_825,Velocista,Especial,Medio
Pokemon_Amy_826,Apoyo,Especial,Largo
Pokemon_Laura_827,Apoyo,Especial,Largo
Pokemon_Robin_828,Apoyo,Especial,Largo
Pokemon_Kristine_829,Defensor,Mixto,Largo
Pokemon_Patricia_830,Defensor,Físico,Medio
Pokemon_Alan_831,Apoyo,Físico,Corto
Pokemon_Linda_832,Todo Terreno,Físico,Largo
Pokemon_Brandon_833,Atacante,Físico,Largo
Pokemon_Monica_834,Velocista,Físico,Medio
Pokemon_Wendy_835,Apoyo,Físico,Largo
Pokemon_Jennifer_836,Velocista,Especial,Corto
Pokemon_Catherine_837,Defensor,Físico,Largo
Pokemon_Jessica_838,Apoyo,Especial,Largo
Pokemon_Christopher_839,Apoyo,Especial,Largo
Pokemon_Michelle_840,Atacante,Mixto,Largo
Pokemon_Christopher_841,Apoyo,Especial,Medio
Pokemon_John_842,Atacante,Físico,Medio
Pokemon_Joseph_843,Todo Terreno,Mixto,Medio
Pokemon_Grace_844,Velocista,Mixto,Medio
Pokemon_Phillip_845,Todo Terreno,Especial,Largo
Pokemon_Paul_846,Velocista,Mixto,Largo
Pokemon_Wayne_847,Velocista,Físico,Medio
Pokemon_Karen_848,Defensor,Mixto,Corto
Pokemon_Mary_849,Atacante,Mixto,Corto
Pokemon_Megan_850,Todo Terreno,Físico,Largo
Pokemon_Justin_851,Atacante,Físico,Corto
Pokemon_Brian_852,Apoyo,Físico,Largo
Pokemon_Clinton_853,Apoyo,Especial,Medio
Pokemon_Danny_854,Defensor,Especial,Medio
Pokemon_Julie_855,Apoyo,Físico,Medio
Pokemon_Christopher_856,Atacante,Mixto,Medio
Pokemon_Katherine_857,Defensor,Físico,Corto
Pokemon_Aaron_858,Defensor,Mixto,Largo
Pokemon_Gloria_859,Velocista,Mixto,Corto
Pokemon_John_860,Defensor,Especial,Largo
Pokemon_Deanna_861,Atacante,Mixto,Corto
Pokemon_Kathleen_862,Atacante,Físico,Medio
Pokemon_Diamond_863,Defensor,Especial,Medio
Pokemon_Charles_864,Defensor,Físico,Corto
Pokemon_Andrew_865,Atacante,Especial,Medio
Pokemon_Patrick_866,Apoyo,Especial,Largo
Pokemon_Rebecca_867,Todo Terreno,Especial,Corto
Pokemon_Steven_868,Apoyo,Físico,Corto
Pokemon_Jose_869,Apoyo,Físico,Corto
Pokemon_Thomas_870,Velocista,Especial,Largo
Pokemon_Lori_871,Velocista,Mixto,Medio
Pokemon_Jamie_872,Velocista,Especial,Corto
Pokemon_David_873,Velocista,Especial,Corto
Pokemon_Samantha_874,Atacante,Físico,Largo
Pokemon_Roger_875,Defensor,Mixto,Corto
Pokemon_Scott_876,Defensor,Físico,Corto
Pokemon_Larry_877,Todo Terreno,Mixto,Medio
Pokemon_John_878,Velocista,Físico,Corto
Pokemon_Michelle_879,Velocista,Mixto,Corto
Pokemon_Leah_880,Velocista,Mixto,Largo
Pokemon_Jonathan_881,Defensor,Físico,Medio
Pokemon_Jessica_882,Apoyo,Especial,Corto
Pokemon_Samantha_883,Todo Terreno,Especial,Medio
Pokemon_Robert_884,Apoyo,Físico,Corto
Pokemon_Tina_885,Apoyo,Mixto,Corto
Pokemon_Christopher_886,Todo Terreno,Mixto,Medio
Pokemon_Mary_887,Defensor,Físico,Medio
Pokemon_Melissa_888,Apoyo,Especial,Largo
Pokemon_Johnny_889,Velocista,Físico,Largo
Pokemon_Joshua_890,Apoyo,Físico,Corto
Pokemon_Joseph_891,Apoyo,Especial,Corto
Pokemon_Derrick_892,Defensor,Especial,Medio
Pokemon_Lisa_893,Todo Terreno,Especial,Medio
Pokemon_Holly_894,Todo Terreno,Físico,Largo
Pokemon_Kristin_895,Atacante,Mixto,Medio
Pokemon_Dawn_896,Todo Terreno,Físico,Corto
Pokemon_Jose_897,Atacante,Físico,Medio
Pokemon_Christopher_898,Velocista,Mixto,Medio
Pokemon_Jonathan_899,Apoyo,Mixto,Largo
Pokemon_Kristina_900,Todo Terreno,Físico,Corto
Pokemon_Andrew_901,Todo Terreno,Físico,Corto
Pokemon_Amanda_902,Todo Terreno,Mixto,Medio
Pokemon_Manuel_903,Velocista,Especial,Medio
Pokemon_Keith_904,Defensor,Físico,Corto
Pokemon_Matthew_905,Defensor,Mixto,Corto
Pokemon_Brittany_906,Defensor,Especial,Largo
Pokemon_Gary_907,Todo Terreno,Mixto,Medio
Pokemon_Erik_908,Apoyo,Físico,Corto
Pokemon_Melissa_909,Atacante,Especial,Corto
Pokemon_Karen_910,Apoyo,Físico,Largo
Pokemon_Michael_911,Atacante,Mixto,Largo
Pokemon_John_912,Todo Terreno,Especial,Corto
Pokemon_Brenda_913,Defensor,Físico,Largo
Pokemon_Sarah_914,Atacante,Físico,Corto
Pokemon_Kristin_915,Apoyo,Físico,Corto
Pokemon_Scott_916,Apoyo,Físico,Largo
Pokemon_Cynthia_917,Apoyo,Físico,Medio
Pokemon_Michael_918,Todo Terreno,Especial,Medio
Pokemon_Jenna_919,Atacante,Físico,Medio
Pokemon_April_920,Velocista,Especial,Medio
Pokemon_Anthony_921,Apoyo,Físico,Medio
Pokemon_Emily_922,Todo Terreno,Físico,Corto
Pokemon_Monica_923,Atacante,Mixto,Medio
Pokemon_Todd_924,Velocista,Físico,Corto
Pokemon_Ernest_925,Atacante,Especial,Medio
Pokemon_Kevin_926,Apoyo,Especial,Medio
Pokemon_James_927,Todo Terreno,Especial,Corto
Pokemon_Mary_928,Defensor,Físico,Largo
Pokemon_Jill_929,Atacante,Especial,Corto
Pokemon_Kenneth_930,Defensor,Físico,Medio
Pokemon_Kevin_931,Defensor,Físico,Largo
Pokemon_David_932,Apoyo,Físico,Medio
Pokemon_Scott_933,Defensor,Físico,Corto
Pokemon_Theresa_934,Atacante,Mixto,Corto
Pokemon_Katherine_935,Apoyo,Físico,Corto
Pokemon_Selena_936,Atacante,Especial,Corto
Pokemon_Charles_937,Todo Terreno,Mixto,Largo
Pokemon_Sara_938,Defensor,Mixto,Corto
Pokemon_Roberta_939,Atacante,Físico,Corto
Pokemon_Lisa_940,Velocista,Físico,Largo
Pokemon_David_941,Apoyo,Mixto,Medio
Pokemon_Misty_942,Velocista,Mixto,Largo
Pokemon_Tiffany_943,Apoyo,Físico,Largo
Pokemon_Joy_944,Atacante,Mixto,Largo
Pokemon_Xavier_945,Todo Terreno,Especial,Largo
Pokemon_Matthew_946,Apoyo,Físico,Medio
Pokemon_Natalie_947,Velocista,Mixto,Medio
Pokemon_Carmen_948,Defensor,Físico,Largo
Pokemon_Marcus_949,Atacante,Especial,Medio
Pokemon_Christopher_950,Defensor,Mixto,Medio
Pokemon_Andre_951,Apoyo,Mixto,Medio
Pokemon_Jacqueline_952,Velocista,Mixto,Corto
Pokemon_Kenneth_953,Todo Terreno,Mixto,Corto
Pokemon_David_954,Atacante,Físico,Medio
Pokemon_Kurt_955,Apoyo,Mixto,Largo
Pokemon_Steven_956,Apoyo,Especial,Medio
Pokemon_Melanie_957,Apoyo,Especial,Largo
Pokemon_Thomas_958,Defensor,Especial,Corto
Pokemon_David_959,Velocista,Físico,Corto
Pokemon_Maria_960,Defensor,Especial,Corto
Pokemon_Emily_961,Todo Terreno,Mixto,Corto
Pokemon_Amy_962,Apoyo,Físico,Largo
Pokemon_Rachel_963,Velocista,Mixto,Medio
Pokemon_Richard_964,Velocista,Físico,Corto
Pokemon_Paul_965,Defensor,Mixto,Medio
Pokemon_Brian_966,Velocista,Especial,Corto
Pokemon_Heather_967,Velocista,Mixto,Corto
Pokemon_Christy_968,Todo Terreno,Especial,Largo
Pokemon_Stacey_969,Velocista,Físico,Medio
Pokemon_Alan_970,Apoyo,Físico,Corto
Pokemon_Robert_971,Todo Terreno,Especial,Corto
Pokemon_Samuel_972,Atacante,Físico,Largo
Pokemon_Robert_973,Atacante,Mixto,Corto
Pokemon_Bradley_974,Apoyo,Físico,Medio
Pokemon_Lisa_975,Velocista,Mixto,Medio
Pokemon_Bradley_976,Todo Terreno,Físico,Medio
Pokemon_Danielle_977,Defensor,Mixto,Corto
Pokemon_Larry_978,Apoyo,Mixto,Medio
Pokemon_Roger_979,Apoyo,Especial,Corto
Pokemon_Mary_980,Apoyo,Especial,Corto
Pokemon_James_981,Apoyo,Especial,Corto
Pokemon_William_982,Defensor,Mixto,Largo
Pokemon_Joseph_983,Defensor,Físico,Medio
Pokemon_Chelsea_984,Atacante,Físico,Largo
Pokemon_Amy_985,Velocista,Especial,Largo
Pokemon_Elizabeth_986,Apoyo,Mixto,Largo
Pokemon_Cody_987,Atacante,Físico,Largo
Pokemon_Cynthia_988,Defensor,Mixto,Largo
Pokemon_Eileen_989,Apoyo,Especial,Medio
Pokemon_Carlos_990,Velocista,Mixto,Medio
Pokemon_Tanya_991,Todo Terreno,Físico,Medio
Pokemon_Melissa_992,Velocista,Especial,Largo
Pokemon_Laura_993,Todo Terreno,Mixto,Medio
Pokemon_Kristin_994,Velocista,Mixto,Largo
Pokemon_Vincent_995,Velocista,Físico,Largo
Pokemon_Rose_996,Velocista,Físico,Medio
Pokemon_Eric_997,Velocista,Mixto,Largo
Pokemon_Julia_998,Atacante,Especial,Largo
Pokemon_Tiffany_999,Velocista,Especial,Medio
